path	variant	rule
test/language/arguments-object/10.5-1gs.js	strict	assignment-target.strict-restricted-identifier
test/language/asi/S7.9.2_A1_T1.js	sloppy	statement.missing-semicolon
test/language/asi/S7.9.2_A1_T1.js	strict	statement.missing-semicolon
test/language/asi/S7.9.2_A1_T3.js	sloppy	statement.missing-semicolon
test/language/asi/S7.9.2_A1_T3.js	strict	statement.missing-semicolon
test/language/asi/S7.9_A10_T4.js	sloppy	syntax.expecting-close-paren
test/language/asi/S7.9_A10_T4.js	strict	syntax.expecting-close-paren
test/language/asi/S7.9_A10_T8.js	sloppy	statement.missing-semicolon
test/language/asi/S7.9_A10_T8.js	strict	statement.missing-semicolon
test/language/asi/S7.9_A11_T4.js	sloppy	statement.missing-semicolon
test/language/asi/S7.9_A11_T4.js	strict	statement.missing-semicolon
test/language/asi/S7.9_A5.1_T1.js	sloppy	expression.unexpected-token
test/language/asi/S7.9_A5.1_T1.js	strict	expression.unexpected-token
test/language/asi/S7.9_A5.3_T1.js	sloppy	expression.unexpected-token
test/language/asi/S7.9_A5.3_T1.js	strict	expression.unexpected-token
test/language/asi/S7.9_A6.2_T5.js	sloppy	statement.missing-semicolon
test/language/asi/S7.9_A6.2_T5.js	strict	statement.missing-semicolon
test/language/asi/S7.9_A6.2_T6.js	sloppy	statement.missing-semicolon
test/language/asi/S7.9_A6.2_T6.js	strict	statement.missing-semicolon
test/language/asi/S7.9_A6.2_T8.js	sloppy	statement.missing-semicolon
test/language/asi/S7.9_A6.2_T8.js	strict	statement.missing-semicolon
test/language/asi/S7.9_A6.2_T9.js	sloppy	statement.missing-semicolon
test/language/asi/S7.9_A6.2_T9.js	strict	statement.missing-semicolon
test/language/asi/S7.9_A6.4_T1.js	sloppy	syntax.expecting-close-paren
test/language/asi/S7.9_A6.4_T1.js	strict	syntax.expecting-close-paren
test/language/asi/S7.9_A6.4_T2.js	sloppy	expression.unexpected-token
test/language/asi/S7.9_A6.4_T2.js	strict	expression.unexpected-token
test/language/block-scope/syntax/redeclaration/async-function-name-redeclaration-attempt-with-async-function.js	sloppy	lexical-binding.duplicate-declaration
test/language/block-scope/syntax/redeclaration/async-function-name-redeclaration-attempt-with-async-function.js	strict	lexical-binding.duplicate-declaration
test/language/block-scope/syntax/redeclaration/async-function-name-redeclaration-attempt-with-async-generator.js	sloppy	lexical-binding.duplicate-declaration
test/language/block-scope/syntax/redeclaration/async-function-name-redeclaration-attempt-with-async-generator.js	strict	lexical-binding.duplicate-declaration
test/language/block-scope/syntax/redeclaration/async-function-name-redeclaration-attempt-with-const.js	sloppy	lexical-binding.duplicate-declaration
test/language/block-scope/syntax/redeclaration/async-function-name-redeclaration-attempt-with-const.js	strict	lexical-binding.duplicate-declaration
test/language/block-scope/syntax/redeclaration/async-function-name-redeclaration-attempt-with-function.js	sloppy	lexical-binding.duplicate-declaration
test/language/block-scope/syntax/redeclaration/async-function-name-redeclaration-attempt-with-function.js	strict	lexical-binding.duplicate-declaration
test/language/block-scope/syntax/redeclaration/async-function-name-redeclaration-attempt-with-generator.js	sloppy	lexical-binding.duplicate-declaration
test/language/block-scope/syntax/redeclaration/async-function-name-redeclaration-attempt-with-generator.js	strict	lexical-binding.duplicate-declaration
test/language/block-scope/syntax/redeclaration/async-function-name-redeclaration-attempt-with-let.js	sloppy	lexical-binding.duplicate-declaration
test/language/block-scope/syntax/redeclaration/async-function-name-redeclaration-attempt-with-let.js	strict	lexical-binding.duplicate-declaration
test/language/block-scope/syntax/redeclaration/async-function-name-redeclaration-attempt-with-var.js	sloppy	lexical-binding.duplicate-declaration
test/language/block-scope/syntax/redeclaration/async-function-name-redeclaration-attempt-with-var.js	strict	lexical-binding.duplicate-declaration
test/language/block-scope/syntax/redeclaration/async-generator-name-redeclaration-attempt-with-async-function.js	sloppy	lexical-binding.duplicate-declaration
test/language/block-scope/syntax/redeclaration/async-generator-name-redeclaration-attempt-with-async-function.js	strict	lexical-binding.duplicate-declaration
test/language/block-scope/syntax/redeclaration/async-generator-name-redeclaration-attempt-with-async-generator.js	sloppy	lexical-binding.duplicate-declaration
test/language/block-scope/syntax/redeclaration/async-generator-name-redeclaration-attempt-with-async-generator.js	strict	lexical-binding.duplicate-declaration
test/language/block-scope/syntax/redeclaration/async-generator-name-redeclaration-attempt-with-const.js	sloppy	lexical-binding.duplicate-declaration
test/language/block-scope/syntax/redeclaration/async-generator-name-redeclaration-attempt-with-const.js	strict	lexical-binding.duplicate-declaration
test/language/block-scope/syntax/redeclaration/async-generator-name-redeclaration-attempt-with-function.js	sloppy	lexical-binding.duplicate-declaration
test/language/block-scope/syntax/redeclaration/async-generator-name-redeclaration-attempt-with-function.js	strict	lexical-binding.duplicate-declaration
test/language/block-scope/syntax/redeclaration/async-generator-name-redeclaration-attempt-with-generator.js	sloppy	lexical-binding.duplicate-declaration
test/language/block-scope/syntax/redeclaration/async-generator-name-redeclaration-attempt-with-generator.js	strict	lexical-binding.duplicate-declaration
test/language/block-scope/syntax/redeclaration/async-generator-name-redeclaration-attempt-with-let.js	sloppy	lexical-binding.duplicate-declaration
test/language/block-scope/syntax/redeclaration/async-generator-name-redeclaration-attempt-with-let.js	strict	lexical-binding.duplicate-declaration
test/language/block-scope/syntax/redeclaration/async-generator-name-redeclaration-attempt-with-var.js	sloppy	lexical-binding.duplicate-declaration
test/language/block-scope/syntax/redeclaration/async-generator-name-redeclaration-attempt-with-var.js	strict	lexical-binding.duplicate-declaration
test/language/block-scope/syntax/redeclaration/class-name-redeclaration-attempt-with-async-function.js	sloppy	lexical-binding.duplicate-declaration
test/language/block-scope/syntax/redeclaration/class-name-redeclaration-attempt-with-async-function.js	strict	lexical-binding.duplicate-declaration
test/language/block-scope/syntax/redeclaration/class-name-redeclaration-attempt-with-async-generator.js	sloppy	lexical-binding.duplicate-declaration
test/language/block-scope/syntax/redeclaration/class-name-redeclaration-attempt-with-async-generator.js	strict	lexical-binding.duplicate-declaration
test/language/block-scope/syntax/redeclaration/class-name-redeclaration-attempt-with-const.js	sloppy	lexical-binding.duplicate-declaration
test/language/block-scope/syntax/redeclaration/class-name-redeclaration-attempt-with-const.js	strict	lexical-binding.duplicate-declaration
test/language/block-scope/syntax/redeclaration/class-name-redeclaration-attempt-with-function.js	sloppy	lexical-binding.duplicate-declaration
test/language/block-scope/syntax/redeclaration/class-name-redeclaration-attempt-with-function.js	strict	lexical-binding.duplicate-declaration
test/language/block-scope/syntax/redeclaration/class-name-redeclaration-attempt-with-let.js	sloppy	lexical-binding.duplicate-declaration
test/language/block-scope/syntax/redeclaration/class-name-redeclaration-attempt-with-let.js	strict	lexical-binding.duplicate-declaration
test/language/block-scope/syntax/redeclaration/class-name-redeclaration-attempt-with-var.js	sloppy	lexical-binding.duplicate-declaration
test/language/block-scope/syntax/redeclaration/class-name-redeclaration-attempt-with-var.js	strict	lexical-binding.duplicate-declaration
test/language/block-scope/syntax/redeclaration/const-name-redeclaration-attempt-with-async-function.js	sloppy	lexical-binding.duplicate-declaration
test/language/block-scope/syntax/redeclaration/const-name-redeclaration-attempt-with-async-function.js	strict	lexical-binding.duplicate-declaration
test/language/block-scope/syntax/redeclaration/const-name-redeclaration-attempt-with-async-generator.js	sloppy	lexical-binding.duplicate-declaration
test/language/block-scope/syntax/redeclaration/const-name-redeclaration-attempt-with-async-generator.js	strict	lexical-binding.duplicate-declaration
test/language/block-scope/syntax/redeclaration/const-name-redeclaration-attempt-with-const.js	sloppy	lexical-binding.duplicate-declaration
test/language/block-scope/syntax/redeclaration/const-name-redeclaration-attempt-with-const.js	strict	lexical-binding.duplicate-declaration
test/language/block-scope/syntax/redeclaration/const-name-redeclaration-attempt-with-function.js	sloppy	lexical-binding.duplicate-declaration
test/language/block-scope/syntax/redeclaration/const-name-redeclaration-attempt-with-function.js	strict	lexical-binding.duplicate-declaration
test/language/block-scope/syntax/redeclaration/const-name-redeclaration-attempt-with-let.js	sloppy	lexical-binding.duplicate-declaration
test/language/block-scope/syntax/redeclaration/const-name-redeclaration-attempt-with-let.js	strict	lexical-binding.duplicate-declaration
test/language/block-scope/syntax/redeclaration/const-name-redeclaration-attempt-with-var.js	sloppy	lexical-binding.duplicate-declaration
test/language/block-scope/syntax/redeclaration/const-name-redeclaration-attempt-with-var.js	strict	lexical-binding.duplicate-declaration
test/language/block-scope/syntax/redeclaration/fn-scope-var-name-redeclaration-attempt-with-async-function.js	sloppy	lexical-binding.duplicate-declaration
test/language/block-scope/syntax/redeclaration/fn-scope-var-name-redeclaration-attempt-with-async-function.js	strict	lexical-binding.duplicate-declaration
test/language/block-scope/syntax/redeclaration/fn-scope-var-name-redeclaration-attempt-with-async-generator.js	sloppy	lexical-binding.duplicate-declaration
test/language/block-scope/syntax/redeclaration/fn-scope-var-name-redeclaration-attempt-with-async-generator.js	strict	lexical-binding.duplicate-declaration
test/language/block-scope/syntax/redeclaration/fn-scope-var-name-redeclaration-attempt-with-class.js	sloppy	lexical-binding.duplicate-declaration
test/language/block-scope/syntax/redeclaration/fn-scope-var-name-redeclaration-attempt-with-class.js	strict	lexical-binding.duplicate-declaration
test/language/block-scope/syntax/redeclaration/fn-scope-var-name-redeclaration-attempt-with-const.js	sloppy	lexical-binding.duplicate-declaration
test/language/block-scope/syntax/redeclaration/fn-scope-var-name-redeclaration-attempt-with-const.js	strict	lexical-binding.duplicate-declaration
test/language/block-scope/syntax/redeclaration/fn-scope-var-name-redeclaration-attempt-with-function.js	sloppy	lexical-binding.duplicate-declaration
test/language/block-scope/syntax/redeclaration/fn-scope-var-name-redeclaration-attempt-with-function.js	strict	lexical-binding.duplicate-declaration
test/language/block-scope/syntax/redeclaration/fn-scope-var-name-redeclaration-attempt-with-let.js	sloppy	lexical-binding.duplicate-declaration
test/language/block-scope/syntax/redeclaration/fn-scope-var-name-redeclaration-attempt-with-let.js	strict	lexical-binding.duplicate-declaration
test/language/block-scope/syntax/redeclaration/function-declaration-attempt-to-redeclare-with-var-declaration-nested-in-function.js	sloppy	lexical-binding.duplicate-declaration
test/language/block-scope/syntax/redeclaration/function-declaration-attempt-to-redeclare-with-var-declaration-nested-in-function.js	strict	lexical-binding.duplicate-declaration
test/language/block-scope/syntax/redeclaration/function-name-redeclaration-attempt-with-async-function.js	sloppy	lexical-binding.duplicate-declaration
test/language/block-scope/syntax/redeclaration/function-name-redeclaration-attempt-with-async-function.js	strict	lexical-binding.duplicate-declaration
test/language/block-scope/syntax/redeclaration/function-name-redeclaration-attempt-with-async-generator.js	sloppy	lexical-binding.duplicate-declaration
test/language/block-scope/syntax/redeclaration/function-name-redeclaration-attempt-with-async-generator.js	strict	lexical-binding.duplicate-declaration
test/language/block-scope/syntax/redeclaration/function-name-redeclaration-attempt-with-const.js	sloppy	lexical-binding.duplicate-declaration
test/language/block-scope/syntax/redeclaration/function-name-redeclaration-attempt-with-const.js	strict	lexical-binding.duplicate-declaration
test/language/block-scope/syntax/redeclaration/function-name-redeclaration-attempt-with-function.js	strict	lexical-binding.duplicate-declaration
test/language/block-scope/syntax/redeclaration/function-name-redeclaration-attempt-with-let.js	sloppy	lexical-binding.duplicate-declaration
test/language/block-scope/syntax/redeclaration/function-name-redeclaration-attempt-with-let.js	strict	lexical-binding.duplicate-declaration
test/language/block-scope/syntax/redeclaration/function-name-redeclaration-attempt-with-var.js	sloppy	lexical-binding.duplicate-declaration
test/language/block-scope/syntax/redeclaration/function-name-redeclaration-attempt-with-var.js	strict	lexical-binding.duplicate-declaration
test/language/block-scope/syntax/redeclaration/generator-name-redeclaration-attempt-with-async-function.js	sloppy	lexical-binding.duplicate-declaration
test/language/block-scope/syntax/redeclaration/generator-name-redeclaration-attempt-with-async-function.js	strict	lexical-binding.duplicate-declaration
test/language/block-scope/syntax/redeclaration/generator-name-redeclaration-attempt-with-async-generator.js	sloppy	lexical-binding.duplicate-declaration
test/language/block-scope/syntax/redeclaration/generator-name-redeclaration-attempt-with-async-generator.js	strict	lexical-binding.duplicate-declaration
test/language/block-scope/syntax/redeclaration/inner-block-var-redeclaration-attempt-after-async-function.js	sloppy	lexical-binding.duplicate-declaration
test/language/block-scope/syntax/redeclaration/inner-block-var-redeclaration-attempt-after-async-function.js	strict	lexical-binding.duplicate-declaration
test/language/block-scope/syntax/redeclaration/inner-block-var-redeclaration-attempt-after-async-generator.js	sloppy	lexical-binding.duplicate-declaration
test/language/block-scope/syntax/redeclaration/inner-block-var-redeclaration-attempt-after-async-generator.js	strict	lexical-binding.duplicate-declaration
test/language/block-scope/syntax/redeclaration/inner-block-var-redeclaration-attempt-after-class.js	sloppy	lexical-binding.duplicate-declaration
test/language/block-scope/syntax/redeclaration/inner-block-var-redeclaration-attempt-after-class.js	strict	lexical-binding.duplicate-declaration
test/language/block-scope/syntax/redeclaration/inner-block-var-redeclaration-attempt-after-const.js	sloppy	lexical-binding.duplicate-declaration
test/language/block-scope/syntax/redeclaration/inner-block-var-redeclaration-attempt-after-const.js	strict	lexical-binding.duplicate-declaration
test/language/block-scope/syntax/redeclaration/inner-block-var-redeclaration-attempt-after-function.js	sloppy	lexical-binding.duplicate-declaration
test/language/block-scope/syntax/redeclaration/inner-block-var-redeclaration-attempt-after-function.js	strict	lexical-binding.duplicate-declaration
test/language/block-scope/syntax/redeclaration/inner-block-var-redeclaration-attempt-after-let.js	sloppy	lexical-binding.duplicate-declaration
test/language/block-scope/syntax/redeclaration/inner-block-var-redeclaration-attempt-after-let.js	strict	lexical-binding.duplicate-declaration
test/language/block-scope/syntax/redeclaration/let-name-redeclaration-attempt-with-async-function.js	sloppy	lexical-binding.duplicate-declaration
test/language/block-scope/syntax/redeclaration/let-name-redeclaration-attempt-with-async-function.js	strict	lexical-binding.duplicate-declaration
test/language/block-scope/syntax/redeclaration/let-name-redeclaration-attempt-with-async-generator.js	sloppy	lexical-binding.duplicate-declaration
test/language/block-scope/syntax/redeclaration/let-name-redeclaration-attempt-with-async-generator.js	strict	lexical-binding.duplicate-declaration
test/language/block-scope/syntax/redeclaration/let-name-redeclaration-attempt-with-const.js	sloppy	lexical-binding.duplicate-declaration
test/language/block-scope/syntax/redeclaration/let-name-redeclaration-attempt-with-const.js	strict	lexical-binding.duplicate-declaration
test/language/block-scope/syntax/redeclaration/let-name-redeclaration-attempt-with-function.js	sloppy	lexical-binding.duplicate-declaration
test/language/block-scope/syntax/redeclaration/let-name-redeclaration-attempt-with-function.js	strict	lexical-binding.duplicate-declaration
test/language/block-scope/syntax/redeclaration/let-name-redeclaration-attempt-with-let.js	sloppy	lexical-binding.duplicate-declaration
test/language/block-scope/syntax/redeclaration/let-name-redeclaration-attempt-with-let.js	strict	lexical-binding.duplicate-declaration
test/language/block-scope/syntax/redeclaration/let-name-redeclaration-attempt-with-var.js	sloppy	lexical-binding.duplicate-declaration
test/language/block-scope/syntax/redeclaration/let-name-redeclaration-attempt-with-var.js	strict	lexical-binding.duplicate-declaration
test/language/block-scope/syntax/redeclaration/var-redeclaration-attempt-after-async-function.js	sloppy	lexical-binding.duplicate-declaration
test/language/block-scope/syntax/redeclaration/var-redeclaration-attempt-after-async-function.js	strict	lexical-binding.duplicate-declaration
test/language/block-scope/syntax/redeclaration/var-redeclaration-attempt-after-async-generator.js	sloppy	lexical-binding.duplicate-declaration
test/language/block-scope/syntax/redeclaration/var-redeclaration-attempt-after-async-generator.js	strict	lexical-binding.duplicate-declaration
test/language/block-scope/syntax/redeclaration/var-redeclaration-attempt-after-class.js	sloppy	lexical-binding.duplicate-declaration
test/language/block-scope/syntax/redeclaration/var-redeclaration-attempt-after-class.js	strict	lexical-binding.duplicate-declaration
test/language/block-scope/syntax/redeclaration/var-redeclaration-attempt-after-const.js	sloppy	lexical-binding.duplicate-declaration
test/language/block-scope/syntax/redeclaration/var-redeclaration-attempt-after-const.js	strict	lexical-binding.duplicate-declaration
test/language/block-scope/syntax/redeclaration/var-redeclaration-attempt-after-function.js	sloppy	lexical-binding.duplicate-declaration
test/language/block-scope/syntax/redeclaration/var-redeclaration-attempt-after-function.js	strict	lexical-binding.duplicate-declaration
test/language/block-scope/syntax/redeclaration/var-redeclaration-attempt-after-let.js	sloppy	lexical-binding.duplicate-declaration
test/language/block-scope/syntax/redeclaration/var-redeclaration-attempt-after-let.js	strict	lexical-binding.duplicate-declaration
test/language/comments/S7.4_A4_T1.js	sloppy	regexp.line-terminator
test/language/comments/S7.4_A4_T1.js	strict	regexp.line-terminator
test/language/comments/S7.4_A4_T4.js	sloppy	regexp.line-terminator
test/language/comments/S7.4_A4_T4.js	strict	regexp.line-terminator
test/language/expressions/arrow-function/rest-params-trailing-comma-early-error.js	sloppy	syntax.expecting-close-paren
test/language/expressions/arrow-function/rest-params-trailing-comma-early-error.js	strict	syntax.expecting-close-paren
test/language/expressions/assignment/id-arguments-strict.js	strict	assignment-target.strict-restricted-identifier
test/language/expressions/assignment/id-eval-strict.js	strict	assignment-target.strict-restricted-identifier
test/language/expressions/assignment/non-simple-target.js	sloppy	assignment-target.non-simple
test/language/expressions/assignment/non-simple-target.js	strict	assignment-target.non-simple
test/language/expressions/assignment/target-assignment-inside-function.js	sloppy	assignment-target.non-simple
test/language/expressions/assignment/target-assignment-inside-function.js	strict	assignment-target.non-simple
test/language/expressions/assignment/target-assignment.js	sloppy	assignment-target.non-simple
test/language/expressions/assignment/target-assignment.js	strict	assignment-target.non-simple
test/language/expressions/assignment/target-boolean.js	sloppy	assignment-target.non-simple
test/language/expressions/assignment/target-boolean.js	strict	assignment-target.non-simple
test/language/expressions/assignment/target-null.js	sloppy	assignment-target.non-simple
test/language/expressions/assignment/target-null.js	strict	assignment-target.non-simple
test/language/expressions/assignment/target-number.js	sloppy	assignment-target.non-simple
test/language/expressions/assignment/target-number.js	strict	assignment-target.non-simple
test/language/expressions/assignment/target-string.js	sloppy	assignment-target.non-simple
test/language/expressions/assignment/target-string.js	strict	assignment-target.non-simple
test/language/expressions/async-arrow-function/await-as-binding-identifier-escaped.js	sloppy	async-context.await-reserved-identifier
test/language/expressions/async-arrow-function/await-as-binding-identifier-escaped.js	strict	async-context.await-reserved-identifier
test/language/expressions/async-arrow-function/await-as-binding-identifier.js	sloppy	binding.variable-name-expected
test/language/expressions/async-arrow-function/await-as-binding-identifier.js	strict	binding.variable-name-expected
test/language/expressions/async-arrow-function/await-as-identifier-reference-escaped.js	sloppy	async-context.await-reserved-identifier
test/language/expressions/async-arrow-function/await-as-identifier-reference-escaped.js	strict	async-context.await-reserved-identifier
test/language/expressions/async-arrow-function/await-as-identifier-reference.js	sloppy	expression.unexpected-token
test/language/expressions/async-arrow-function/await-as-identifier-reference.js	strict	expression.unexpected-token
test/language/expressions/async-arrow-function/await-as-label-identifier-escaped.js	sloppy	async-context.await-reserved-identifier
test/language/expressions/async-arrow-function/await-as-label-identifier-escaped.js	strict	async-context.await-reserved-identifier
test/language/expressions/async-arrow-function/early-errors-arrow-body-contains-super-call.js	sloppy	super-call.derived-constructor-only
test/language/expressions/async-arrow-function/early-errors-arrow-body-contains-super-call.js	strict	super-call.derived-constructor-only
test/language/expressions/async-arrow-function/early-errors-arrow-formals-contains-super-call.js	sloppy	super-call.derived-constructor-only
test/language/expressions/async-arrow-function/early-errors-arrow-formals-contains-super-call.js	strict	super-call.derived-constructor-only
test/language/expressions/async-arrow-function/early-errors-arrow-formals-lineterminator.js	sloppy	statement.missing-semicolon
test/language/expressions/async-arrow-function/early-errors-arrow-formals-lineterminator.js	strict	statement.missing-semicolon
test/language/expressions/async-arrow-function/escaped-async.js	sloppy	statement.missing-semicolon
test/language/expressions/async-arrow-function/escaped-async.js	strict	statement.missing-semicolon
test/language/expressions/async-arrow-function/rest-params-trailing-comma-early-error.js	sloppy	syntax.expecting-close-paren
test/language/expressions/async-arrow-function/rest-params-trailing-comma-early-error.js	strict	syntax.expecting-close-paren
test/language/expressions/async-function/await-as-binding-identifier-escaped.js	sloppy	async-context.await-reserved-identifier
test/language/expressions/async-function/await-as-binding-identifier-escaped.js	strict	async-context.await-reserved-identifier
test/language/expressions/async-function/await-as-binding-identifier.js	sloppy	binding.variable-name-expected
test/language/expressions/async-function/await-as-binding-identifier.js	strict	binding.variable-name-expected
test/language/expressions/async-function/await-as-identifier-reference-escaped.js	sloppy	async-context.await-reserved-identifier
test/language/expressions/async-function/await-as-identifier-reference-escaped.js	strict	async-context.await-reserved-identifier
test/language/expressions/async-function/await-as-identifier-reference.js	sloppy	expression.unexpected-token
test/language/expressions/async-function/await-as-identifier-reference.js	strict	expression.unexpected-token
test/language/expressions/async-function/await-as-label-identifier-escaped.js	sloppy	async-context.await-reserved-identifier
test/language/expressions/async-function/await-as-label-identifier-escaped.js	strict	async-context.await-reserved-identifier
test/language/expressions/async-function/early-errors-expression-body-contains-super-call.js	sloppy	super-call.derived-constructor-only
test/language/expressions/async-function/early-errors-expression-body-contains-super-call.js	strict	super-call.derived-constructor-only
test/language/expressions/async-function/early-errors-expression-formals-contains-super-call.js	sloppy	super-call.derived-constructor-only
test/language/expressions/async-function/early-errors-expression-formals-contains-super-call.js	strict	super-call.derived-constructor-only
test/language/expressions/async-function/early-errors-expression-not-simple-assignment-target.js	sloppy	assignment-target.non-simple
test/language/expressions/async-function/early-errors-expression-not-simple-assignment-target.js	strict	assignment-target.non-simple
test/language/expressions/async-function/escaped-async.js	sloppy	statement.missing-semicolon
test/language/expressions/async-function/escaped-async.js	strict	statement.missing-semicolon
test/language/expressions/async-function/named-await-as-binding-identifier-escaped.js	sloppy	async-context.await-reserved-identifier
test/language/expressions/async-function/named-await-as-binding-identifier-escaped.js	strict	async-context.await-reserved-identifier
test/language/expressions/async-function/named-await-as-binding-identifier.js	sloppy	binding.variable-name-expected
test/language/expressions/async-function/named-await-as-binding-identifier.js	strict	binding.variable-name-expected
test/language/expressions/async-function/named-await-as-identifier-reference-escaped.js	sloppy	async-context.await-reserved-identifier
test/language/expressions/async-function/named-await-as-identifier-reference-escaped.js	strict	async-context.await-reserved-identifier
test/language/expressions/async-function/named-await-as-identifier-reference.js	sloppy	expression.unexpected-token
test/language/expressions/async-function/named-await-as-identifier-reference.js	strict	expression.unexpected-token
test/language/expressions/async-function/named-await-as-label-identifier-escaped.js	sloppy	async-context.await-reserved-identifier
test/language/expressions/async-function/named-await-as-label-identifier-escaped.js	strict	async-context.await-reserved-identifier
test/language/expressions/async-function/named-rest-params-trailing-comma-early-error.js	sloppy	syntax.expecting-close-paren
test/language/expressions/async-function/named-rest-params-trailing-comma-early-error.js	strict	syntax.expecting-close-paren
test/language/expressions/async-function/nameless-rest-params-trailing-comma-early-error.js	sloppy	syntax.expecting-close-paren
test/language/expressions/async-function/nameless-rest-params-trailing-comma-early-error.js	strict	syntax.expecting-close-paren
test/language/expressions/async-generator/await-as-binding-identifier-escaped.js	sloppy	async-context.await-reserved-identifier
test/language/expressions/async-generator/await-as-binding-identifier-escaped.js	strict	async-context.await-reserved-identifier
test/language/expressions/async-generator/await-as-binding-identifier.js	sloppy	binding.variable-name-expected
test/language/expressions/async-generator/await-as-binding-identifier.js	strict	binding.variable-name-expected
test/language/expressions/async-generator/await-as-identifier-reference-escaped.js	sloppy	async-context.await-reserved-identifier
test/language/expressions/async-generator/await-as-identifier-reference-escaped.js	strict	async-context.await-reserved-identifier
test/language/expressions/async-generator/await-as-identifier-reference.js	sloppy	expression.unexpected-token
test/language/expressions/async-generator/await-as-identifier-reference.js	strict	expression.unexpected-token
test/language/expressions/async-generator/await-as-label-identifier-escaped.js	sloppy	async-context.await-reserved-identifier
test/language/expressions/async-generator/await-as-label-identifier-escaped.js	strict	async-context.await-reserved-identifier
test/language/expressions/async-generator/dstr/ary-ptrn-rest-init-ary.js	sloppy	function-parameter.rest-default
test/language/expressions/async-generator/dstr/ary-ptrn-rest-init-ary.js	strict	function-parameter.rest-default
test/language/expressions/async-generator/dstr/ary-ptrn-rest-init-id.js	sloppy	function-parameter.rest-not-final
test/language/expressions/async-generator/dstr/ary-ptrn-rest-init-id.js	strict	function-parameter.rest-not-final
test/language/expressions/async-generator/dstr/ary-ptrn-rest-init-obj.js	sloppy	function-parameter.rest-default
test/language/expressions/async-generator/dstr/ary-ptrn-rest-init-obj.js	strict	function-parameter.rest-default
test/language/expressions/async-generator/dstr/ary-ptrn-rest-not-final-ary.js	sloppy	function-parameter.rest-not-final
test/language/expressions/async-generator/dstr/ary-ptrn-rest-not-final-ary.js	strict	function-parameter.rest-not-final
test/language/expressions/async-generator/dstr/ary-ptrn-rest-not-final-id.js	sloppy	function-parameter.rest-not-final
test/language/expressions/async-generator/dstr/ary-ptrn-rest-not-final-id.js	strict	function-parameter.rest-not-final
test/language/expressions/async-generator/dstr/ary-ptrn-rest-not-final-obj.js	sloppy	function-parameter.rest-not-final
test/language/expressions/async-generator/dstr/ary-ptrn-rest-not-final-obj.js	strict	function-parameter.rest-not-final
test/language/expressions/async-generator/dstr/dflt-ary-ptrn-rest-init-ary.js	sloppy	function-parameter.rest-default
test/language/expressions/async-generator/dstr/dflt-ary-ptrn-rest-init-ary.js	strict	function-parameter.rest-default
test/language/expressions/async-generator/dstr/dflt-ary-ptrn-rest-init-id.js	sloppy	function-parameter.rest-not-final
test/language/expressions/async-generator/dstr/dflt-ary-ptrn-rest-init-id.js	strict	function-parameter.rest-not-final
test/language/expressions/async-generator/dstr/dflt-ary-ptrn-rest-init-obj.js	sloppy	function-parameter.rest-default
test/language/expressions/async-generator/dstr/dflt-ary-ptrn-rest-init-obj.js	strict	function-parameter.rest-default
test/language/expressions/async-generator/dstr/dflt-ary-ptrn-rest-not-final-ary.js	sloppy	function-parameter.rest-not-final
test/language/expressions/async-generator/dstr/dflt-ary-ptrn-rest-not-final-ary.js	strict	function-parameter.rest-not-final
test/language/expressions/async-generator/dstr/dflt-ary-ptrn-rest-not-final-id.js	sloppy	function-parameter.rest-not-final
test/language/expressions/async-generator/dstr/dflt-ary-ptrn-rest-not-final-id.js	strict	function-parameter.rest-not-final
test/language/expressions/async-generator/dstr/dflt-ary-ptrn-rest-not-final-obj.js	sloppy	function-parameter.rest-not-final
test/language/expressions/async-generator/dstr/dflt-ary-ptrn-rest-not-final-obj.js	strict	function-parameter.rest-not-final
test/language/expressions/async-generator/dstr/named-ary-ptrn-rest-init-ary.js	sloppy	function-parameter.rest-default
test/language/expressions/async-generator/dstr/named-ary-ptrn-rest-init-ary.js	strict	function-parameter.rest-default
test/language/expressions/async-generator/dstr/named-ary-ptrn-rest-init-id.js	sloppy	function-parameter.rest-not-final
test/language/expressions/async-generator/dstr/named-ary-ptrn-rest-init-id.js	strict	function-parameter.rest-not-final
test/language/expressions/async-generator/dstr/named-ary-ptrn-rest-init-obj.js	sloppy	function-parameter.rest-default
test/language/expressions/async-generator/dstr/named-ary-ptrn-rest-init-obj.js	strict	function-parameter.rest-default
test/language/expressions/async-generator/dstr/named-ary-ptrn-rest-not-final-ary.js	sloppy	function-parameter.rest-not-final
test/language/expressions/async-generator/dstr/named-ary-ptrn-rest-not-final-ary.js	strict	function-parameter.rest-not-final
test/language/expressions/async-generator/dstr/named-ary-ptrn-rest-not-final-id.js	sloppy	function-parameter.rest-not-final
test/language/expressions/async-generator/dstr/named-ary-ptrn-rest-not-final-id.js	strict	function-parameter.rest-not-final
test/language/expressions/async-generator/dstr/named-ary-ptrn-rest-not-final-obj.js	sloppy	function-parameter.rest-not-final
test/language/expressions/async-generator/dstr/named-ary-ptrn-rest-not-final-obj.js	strict	function-parameter.rest-not-final
test/language/expressions/async-generator/dstr/named-dflt-ary-ptrn-rest-init-ary.js	sloppy	function-parameter.rest-default
test/language/expressions/async-generator/dstr/named-dflt-ary-ptrn-rest-init-ary.js	strict	function-parameter.rest-default
test/language/expressions/async-generator/dstr/named-dflt-ary-ptrn-rest-init-id.js	sloppy	function-parameter.rest-not-final
test/language/expressions/async-generator/dstr/named-dflt-ary-ptrn-rest-init-id.js	strict	function-parameter.rest-not-final
test/language/expressions/async-generator/dstr/named-dflt-ary-ptrn-rest-init-obj.js	sloppy	function-parameter.rest-default
test/language/expressions/async-generator/dstr/named-dflt-ary-ptrn-rest-init-obj.js	strict	function-parameter.rest-default
test/language/expressions/async-generator/dstr/named-dflt-ary-ptrn-rest-not-final-ary.js	sloppy	function-parameter.rest-not-final
test/language/expressions/async-generator/dstr/named-dflt-ary-ptrn-rest-not-final-ary.js	strict	function-parameter.rest-not-final
test/language/expressions/async-generator/dstr/named-dflt-ary-ptrn-rest-not-final-id.js	sloppy	function-parameter.rest-not-final
test/language/expressions/async-generator/dstr/named-dflt-ary-ptrn-rest-not-final-id.js	strict	function-parameter.rest-not-final
test/language/expressions/async-generator/dstr/named-dflt-ary-ptrn-rest-not-final-obj.js	sloppy	function-parameter.rest-not-final
test/language/expressions/async-generator/dstr/named-dflt-ary-ptrn-rest-not-final-obj.js	strict	function-parameter.rest-not-final
test/language/expressions/async-generator/early-errors-expression-await-as-function-binding-identifier.js	sloppy	async-context.await-reserved-identifier
test/language/expressions/async-generator/early-errors-expression-await-as-function-binding-identifier.js	strict	async-context.await-reserved-identifier
test/language/expressions/async-generator/early-errors-expression-body-contains-super-call.js	sloppy	super-call.derived-constructor-only
test/language/expressions/async-generator/early-errors-expression-body-contains-super-call.js	strict	super-call.derived-constructor-only
test/language/expressions/async-generator/early-errors-expression-formals-contains-super-call.js	sloppy	super-call.derived-constructor-only
test/language/expressions/async-generator/early-errors-expression-formals-contains-super-call.js	strict	super-call.derived-constructor-only
test/language/expressions/async-generator/early-errors-expression-label-name-yield.js	sloppy	statement.missing-semicolon
test/language/expressions/async-generator/early-errors-expression-label-name-yield.js	strict	statement.missing-semicolon
test/language/expressions/async-generator/early-errors-expression-not-simple-assignment-target.js	sloppy	assignment-target.non-simple
test/language/expressions/async-generator/early-errors-expression-not-simple-assignment-target.js	strict	assignment-target.non-simple
test/language/expressions/async-generator/early-errors-expression-yield-as-function-binding-identifier.js	sloppy	generator.yield-reserved-identifier
test/language/expressions/async-generator/early-errors-expression-yield-as-function-binding-identifier.js	strict	syntax.expecting-open-paren
test/language/expressions/async-generator/escaped-async.js	sloppy	statement.missing-semicolon
test/language/expressions/async-generator/escaped-async.js	strict	statement.missing-semicolon
test/language/expressions/async-generator/named-await-as-binding-identifier-escaped.js	sloppy	async-context.await-reserved-identifier
test/language/expressions/async-generator/named-await-as-binding-identifier-escaped.js	strict	async-context.await-reserved-identifier
test/language/expressions/async-generator/named-await-as-binding-identifier.js	sloppy	binding.variable-name-expected
test/language/expressions/async-generator/named-await-as-binding-identifier.js	strict	binding.variable-name-expected
test/language/expressions/async-generator/named-await-as-identifier-reference-escaped.js	sloppy	async-context.await-reserved-identifier
test/language/expressions/async-generator/named-await-as-identifier-reference-escaped.js	strict	async-context.await-reserved-identifier
test/language/expressions/async-generator/named-await-as-identifier-reference.js	sloppy	expression.unexpected-token
test/language/expressions/async-generator/named-await-as-identifier-reference.js	strict	expression.unexpected-token
test/language/expressions/async-generator/named-await-as-label-identifier-escaped.js	sloppy	async-context.await-reserved-identifier
test/language/expressions/async-generator/named-await-as-label-identifier-escaped.js	strict	async-context.await-reserved-identifier
test/language/expressions/async-generator/named-rest-params-trailing-comma-early-error.js	sloppy	syntax.expecting-close-paren
test/language/expressions/async-generator/named-rest-params-trailing-comma-early-error.js	strict	syntax.expecting-close-paren
test/language/expressions/async-generator/named-yield-as-binding-identifier-escaped.js	sloppy	generator.yield-reserved-identifier
test/language/expressions/async-generator/named-yield-as-binding-identifier-escaped.js	strict	generator.yield-reserved-identifier
test/language/expressions/async-generator/named-yield-as-binding-identifier.js	sloppy	binding.variable-name-expected
test/language/expressions/async-generator/named-yield-as-binding-identifier.js	strict	binding.variable-name-expected
test/language/expressions/async-generator/named-yield-as-identifier-reference-escaped.js	sloppy	generator.yield-reserved-identifier
test/language/expressions/async-generator/named-yield-as-identifier-reference-escaped.js	strict	generator.yield-reserved-identifier
test/language/expressions/async-generator/named-yield-as-label-identifier-escaped.js	sloppy	generator.yield-reserved-identifier
test/language/expressions/async-generator/named-yield-as-label-identifier-escaped.js	strict	generator.yield-reserved-identifier
test/language/expressions/async-generator/named-yield-as-label-identifier.js	sloppy	statement.missing-semicolon
test/language/expressions/async-generator/named-yield-as-label-identifier.js	strict	statement.missing-semicolon
test/language/expressions/async-generator/named-yield-identifier-spread-strict.js	strict	binding.variable-name-expected
test/language/expressions/async-generator/named-yield-identifier-strict.js	strict	binding.variable-name-expected
test/language/expressions/async-generator/rest-params-trailing-comma-early-error.js	sloppy	syntax.expecting-close-paren
test/language/expressions/async-generator/rest-params-trailing-comma-early-error.js	strict	syntax.expecting-close-paren
test/language/expressions/async-generator/yield-as-binding-identifier-escaped.js	sloppy	generator.yield-reserved-identifier
test/language/expressions/async-generator/yield-as-binding-identifier-escaped.js	strict	generator.yield-reserved-identifier
test/language/expressions/async-generator/yield-as-binding-identifier.js	sloppy	binding.variable-name-expected
test/language/expressions/async-generator/yield-as-binding-identifier.js	strict	binding.variable-name-expected
test/language/expressions/async-generator/yield-as-identifier-reference-escaped.js	sloppy	generator.yield-reserved-identifier
test/language/expressions/async-generator/yield-as-identifier-reference-escaped.js	strict	generator.yield-reserved-identifier
test/language/expressions/async-generator/yield-as-label-identifier-escaped.js	sloppy	generator.yield-reserved-identifier
test/language/expressions/async-generator/yield-as-label-identifier-escaped.js	strict	generator.yield-reserved-identifier
test/language/expressions/async-generator/yield-as-label-identifier.js	sloppy	statement.missing-semicolon
test/language/expressions/async-generator/yield-as-label-identifier.js	strict	statement.missing-semicolon
test/language/expressions/async-generator/yield-identifier-spread-strict.js	strict	binding.variable-name-expected
test/language/expressions/async-generator/yield-identifier-strict.js	strict	binding.variable-name-expected
test/language/expressions/await/early-errors-await-not-simple-assignment-target.js	sloppy	assignment-target.non-simple
test/language/expressions/await/early-errors-await-not-simple-assignment-target.js	strict	assignment-target.non-simple
test/language/expressions/await/no-operand.js	sloppy	expression.unexpected-token
test/language/expressions/await/no-operand.js	strict	expression.unexpected-token
test/language/expressions/class/async-gen-method-static/await-as-binding-identifier-escaped.js	sloppy	async-context.await-reserved-identifier
test/language/expressions/class/async-gen-method-static/await-as-binding-identifier-escaped.js	strict	async-context.await-reserved-identifier
test/language/expressions/class/async-gen-method-static/await-as-binding-identifier.js	sloppy	binding.variable-name-expected
test/language/expressions/class/async-gen-method-static/await-as-binding-identifier.js	strict	binding.variable-name-expected
test/language/expressions/class/async-gen-method-static/await-as-identifier-reference-escaped.js	sloppy	async-context.await-reserved-identifier
test/language/expressions/class/async-gen-method-static/await-as-identifier-reference-escaped.js	strict	async-context.await-reserved-identifier
test/language/expressions/class/async-gen-method-static/await-as-identifier-reference.js	sloppy	expression.unexpected-token
test/language/expressions/class/async-gen-method-static/await-as-identifier-reference.js	strict	expression.unexpected-token
test/language/expressions/class/async-gen-method-static/await-as-label-identifier-escaped.js	sloppy	async-context.await-reserved-identifier
test/language/expressions/class/async-gen-method-static/await-as-label-identifier-escaped.js	strict	async-context.await-reserved-identifier
test/language/expressions/class/async-gen-method-static/rest-params-trailing-comma-early-error.js	sloppy	syntax.expecting-close-paren
test/language/expressions/class/async-gen-method-static/rest-params-trailing-comma-early-error.js	strict	syntax.expecting-close-paren
test/language/expressions/class/async-gen-method-static/yield-as-binding-identifier-escaped.js	sloppy	generator.yield-reserved-identifier
test/language/expressions/class/async-gen-method-static/yield-as-binding-identifier-escaped.js	strict	generator.yield-reserved-identifier
test/language/expressions/class/async-gen-method-static/yield-as-binding-identifier.js	sloppy	binding.variable-name-expected
test/language/expressions/class/async-gen-method-static/yield-as-binding-identifier.js	strict	binding.variable-name-expected
test/language/expressions/class/async-gen-method-static/yield-as-identifier-reference-escaped.js	sloppy	generator.yield-reserved-identifier
test/language/expressions/class/async-gen-method-static/yield-as-identifier-reference-escaped.js	strict	generator.yield-reserved-identifier
test/language/expressions/class/async-gen-method-static/yield-as-label-identifier-escaped.js	sloppy	generator.yield-reserved-identifier
test/language/expressions/class/async-gen-method-static/yield-as-label-identifier-escaped.js	strict	generator.yield-reserved-identifier
test/language/expressions/class/async-gen-method-static/yield-as-label-identifier.js	sloppy	statement.missing-semicolon
test/language/expressions/class/async-gen-method-static/yield-as-label-identifier.js	strict	statement.missing-semicolon
test/language/expressions/class/async-gen-method-static/yield-identifier-spread-strict.js	strict	binding.variable-name-expected
test/language/expressions/class/async-gen-method-static/yield-identifier-strict.js	strict	binding.variable-name-expected
test/language/expressions/class/async-gen-method/await-as-binding-identifier-escaped.js	sloppy	async-context.await-reserved-identifier
test/language/expressions/class/async-gen-method/await-as-binding-identifier-escaped.js	strict	async-context.await-reserved-identifier
test/language/expressions/class/async-gen-method/await-as-binding-identifier.js	sloppy	binding.variable-name-expected
test/language/expressions/class/async-gen-method/await-as-binding-identifier.js	strict	binding.variable-name-expected
test/language/expressions/class/async-gen-method/await-as-identifier-reference-escaped.js	sloppy	async-context.await-reserved-identifier
test/language/expressions/class/async-gen-method/await-as-identifier-reference-escaped.js	strict	async-context.await-reserved-identifier
test/language/expressions/class/async-gen-method/await-as-identifier-reference.js	sloppy	expression.unexpected-token
test/language/expressions/class/async-gen-method/await-as-identifier-reference.js	strict	expression.unexpected-token
test/language/expressions/class/async-gen-method/await-as-label-identifier-escaped.js	sloppy	async-context.await-reserved-identifier
test/language/expressions/class/async-gen-method/await-as-label-identifier-escaped.js	strict	async-context.await-reserved-identifier
test/language/expressions/class/async-gen-method/rest-params-trailing-comma-early-error.js	sloppy	syntax.expecting-close-paren
test/language/expressions/class/async-gen-method/rest-params-trailing-comma-early-error.js	strict	syntax.expecting-close-paren
test/language/expressions/class/async-gen-method/yield-as-binding-identifier-escaped.js	sloppy	generator.yield-reserved-identifier
test/language/expressions/class/async-gen-method/yield-as-binding-identifier-escaped.js	strict	generator.yield-reserved-identifier
test/language/expressions/class/async-gen-method/yield-as-binding-identifier.js	sloppy	binding.variable-name-expected
test/language/expressions/class/async-gen-method/yield-as-binding-identifier.js	strict	binding.variable-name-expected
test/language/expressions/class/async-gen-method/yield-as-identifier-reference-escaped.js	sloppy	generator.yield-reserved-identifier
test/language/expressions/class/async-gen-method/yield-as-identifier-reference-escaped.js	strict	generator.yield-reserved-identifier
test/language/expressions/class/async-gen-method/yield-as-label-identifier-escaped.js	sloppy	generator.yield-reserved-identifier
test/language/expressions/class/async-gen-method/yield-as-label-identifier-escaped.js	strict	generator.yield-reserved-identifier
test/language/expressions/class/async-gen-method/yield-as-label-identifier.js	sloppy	statement.missing-semicolon
test/language/expressions/class/async-gen-method/yield-as-label-identifier.js	strict	statement.missing-semicolon
test/language/expressions/class/async-gen-method/yield-identifier-spread-strict.js	strict	binding.variable-name-expected
test/language/expressions/class/async-gen-method/yield-identifier-strict.js	strict	binding.variable-name-expected
test/language/expressions/class/async-method-static/await-as-binding-identifier-escaped.js	sloppy	async-context.await-reserved-identifier
test/language/expressions/class/async-method-static/await-as-binding-identifier-escaped.js	strict	async-context.await-reserved-identifier
test/language/expressions/class/async-method-static/await-as-binding-identifier.js	sloppy	binding.variable-name-expected
test/language/expressions/class/async-method-static/await-as-binding-identifier.js	strict	binding.variable-name-expected
test/language/expressions/class/async-method-static/await-as-identifier-reference-escaped.js	sloppy	async-context.await-reserved-identifier
test/language/expressions/class/async-method-static/await-as-identifier-reference-escaped.js	strict	async-context.await-reserved-identifier
test/language/expressions/class/async-method-static/await-as-identifier-reference.js	sloppy	expression.unexpected-token
test/language/expressions/class/async-method-static/await-as-identifier-reference.js	strict	expression.unexpected-token
test/language/expressions/class/async-method-static/await-as-label-identifier-escaped.js	sloppy	async-context.await-reserved-identifier
test/language/expressions/class/async-method-static/await-as-label-identifier-escaped.js	strict	async-context.await-reserved-identifier
test/language/expressions/class/async-method-static/rest-params-trailing-comma-early-error.js	sloppy	syntax.expecting-close-paren
test/language/expressions/class/async-method-static/rest-params-trailing-comma-early-error.js	strict	syntax.expecting-close-paren
test/language/expressions/class/async-method/await-as-binding-identifier-escaped.js	sloppy	async-context.await-reserved-identifier
test/language/expressions/class/async-method/await-as-binding-identifier-escaped.js	strict	async-context.await-reserved-identifier
test/language/expressions/class/async-method/await-as-binding-identifier.js	sloppy	binding.variable-name-expected
test/language/expressions/class/async-method/await-as-binding-identifier.js	strict	binding.variable-name-expected
test/language/expressions/class/async-method/await-as-identifier-reference-escaped.js	sloppy	async-context.await-reserved-identifier
test/language/expressions/class/async-method/await-as-identifier-reference-escaped.js	strict	async-context.await-reserved-identifier
test/language/expressions/class/async-method/await-as-identifier-reference.js	sloppy	expression.unexpected-token
test/language/expressions/class/async-method/await-as-identifier-reference.js	strict	expression.unexpected-token
test/language/expressions/class/async-method/await-as-label-identifier-escaped.js	sloppy	async-context.await-reserved-identifier
test/language/expressions/class/async-method/await-as-label-identifier-escaped.js	strict	async-context.await-reserved-identifier
test/language/expressions/class/async-method/rest-params-trailing-comma-early-error.js	sloppy	syntax.expecting-close-paren
test/language/expressions/class/async-method/rest-params-trailing-comma-early-error.js	strict	syntax.expecting-close-paren
test/language/expressions/class/class-name-ident-yield-escaped.js	sloppy	generator.yield-reserved-identifier
test/language/expressions/class/class-name-ident-yield-escaped.js	strict	generator.yield-reserved-identifier
test/language/expressions/class/dstr/async-gen-meth-ary-ptrn-rest-init-ary.js	sloppy	function-parameter.rest-default
test/language/expressions/class/dstr/async-gen-meth-ary-ptrn-rest-init-ary.js	strict	function-parameter.rest-default
test/language/expressions/class/dstr/async-gen-meth-ary-ptrn-rest-init-id.js	sloppy	function-parameter.rest-not-final
test/language/expressions/class/dstr/async-gen-meth-ary-ptrn-rest-init-id.js	strict	function-parameter.rest-not-final
test/language/expressions/class/dstr/async-gen-meth-ary-ptrn-rest-init-obj.js	sloppy	function-parameter.rest-default
test/language/expressions/class/dstr/async-gen-meth-ary-ptrn-rest-init-obj.js	strict	function-parameter.rest-default
test/language/expressions/class/dstr/async-gen-meth-ary-ptrn-rest-not-final-ary.js	sloppy	function-parameter.rest-not-final
test/language/expressions/class/dstr/async-gen-meth-ary-ptrn-rest-not-final-ary.js	strict	function-parameter.rest-not-final
test/language/expressions/class/dstr/async-gen-meth-ary-ptrn-rest-not-final-id.js	sloppy	function-parameter.rest-not-final
test/language/expressions/class/dstr/async-gen-meth-ary-ptrn-rest-not-final-id.js	strict	function-parameter.rest-not-final
test/language/expressions/class/dstr/async-gen-meth-ary-ptrn-rest-not-final-obj.js	sloppy	function-parameter.rest-not-final
test/language/expressions/class/dstr/async-gen-meth-ary-ptrn-rest-not-final-obj.js	strict	function-parameter.rest-not-final
test/language/expressions/class/dstr/async-gen-meth-dflt-ary-ptrn-rest-init-ary.js	sloppy	function-parameter.rest-default
test/language/expressions/class/dstr/async-gen-meth-dflt-ary-ptrn-rest-init-ary.js	strict	function-parameter.rest-default
test/language/expressions/class/dstr/async-gen-meth-dflt-ary-ptrn-rest-init-id.js	sloppy	function-parameter.rest-not-final
test/language/expressions/class/dstr/async-gen-meth-dflt-ary-ptrn-rest-init-id.js	strict	function-parameter.rest-not-final
test/language/expressions/class/dstr/async-gen-meth-dflt-ary-ptrn-rest-init-obj.js	sloppy	function-parameter.rest-default
test/language/expressions/class/dstr/async-gen-meth-dflt-ary-ptrn-rest-init-obj.js	strict	function-parameter.rest-default
test/language/expressions/class/dstr/async-gen-meth-dflt-ary-ptrn-rest-not-final-ary.js	sloppy	function-parameter.rest-not-final
test/language/expressions/class/dstr/async-gen-meth-dflt-ary-ptrn-rest-not-final-ary.js	strict	function-parameter.rest-not-final
test/language/expressions/class/dstr/async-gen-meth-dflt-ary-ptrn-rest-not-final-id.js	sloppy	function-parameter.rest-not-final
test/language/expressions/class/dstr/async-gen-meth-dflt-ary-ptrn-rest-not-final-id.js	strict	function-parameter.rest-not-final
test/language/expressions/class/dstr/async-gen-meth-dflt-ary-ptrn-rest-not-final-obj.js	sloppy	function-parameter.rest-not-final
test/language/expressions/class/dstr/async-gen-meth-dflt-ary-ptrn-rest-not-final-obj.js	strict	function-parameter.rest-not-final
test/language/expressions/class/dstr/async-gen-meth-static-ary-ptrn-rest-init-ary.js	sloppy	function-parameter.rest-default
test/language/expressions/class/dstr/async-gen-meth-static-ary-ptrn-rest-init-ary.js	strict	function-parameter.rest-default
test/language/expressions/class/dstr/async-gen-meth-static-ary-ptrn-rest-init-id.js	sloppy	function-parameter.rest-not-final
test/language/expressions/class/dstr/async-gen-meth-static-ary-ptrn-rest-init-id.js	strict	function-parameter.rest-not-final
test/language/expressions/class/dstr/async-gen-meth-static-ary-ptrn-rest-init-obj.js	sloppy	function-parameter.rest-default
test/language/expressions/class/dstr/async-gen-meth-static-ary-ptrn-rest-init-obj.js	strict	function-parameter.rest-default
test/language/expressions/class/dstr/async-gen-meth-static-ary-ptrn-rest-not-final-ary.js	sloppy	function-parameter.rest-not-final
test/language/expressions/class/dstr/async-gen-meth-static-ary-ptrn-rest-not-final-ary.js	strict	function-parameter.rest-not-final
test/language/expressions/class/dstr/async-gen-meth-static-ary-ptrn-rest-not-final-id.js	sloppy	function-parameter.rest-not-final
test/language/expressions/class/dstr/async-gen-meth-static-ary-ptrn-rest-not-final-id.js	strict	function-parameter.rest-not-final
test/language/expressions/class/dstr/async-gen-meth-static-ary-ptrn-rest-not-final-obj.js	sloppy	function-parameter.rest-not-final
test/language/expressions/class/dstr/async-gen-meth-static-ary-ptrn-rest-not-final-obj.js	strict	function-parameter.rest-not-final
test/language/expressions/class/dstr/async-gen-meth-static-dflt-ary-ptrn-rest-init-ary.js	sloppy	function-parameter.rest-default
test/language/expressions/class/dstr/async-gen-meth-static-dflt-ary-ptrn-rest-init-ary.js	strict	function-parameter.rest-default
test/language/expressions/class/dstr/async-gen-meth-static-dflt-ary-ptrn-rest-init-id.js	sloppy	function-parameter.rest-not-final
test/language/expressions/class/dstr/async-gen-meth-static-dflt-ary-ptrn-rest-init-id.js	strict	function-parameter.rest-not-final
test/language/expressions/class/dstr/async-gen-meth-static-dflt-ary-ptrn-rest-init-obj.js	sloppy	function-parameter.rest-default
test/language/expressions/class/dstr/async-gen-meth-static-dflt-ary-ptrn-rest-init-obj.js	strict	function-parameter.rest-default
test/language/expressions/class/dstr/async-gen-meth-static-dflt-ary-ptrn-rest-not-final-ary.js	sloppy	function-parameter.rest-not-final
test/language/expressions/class/dstr/async-gen-meth-static-dflt-ary-ptrn-rest-not-final-ary.js	strict	function-parameter.rest-not-final
test/language/expressions/class/dstr/async-gen-meth-static-dflt-ary-ptrn-rest-not-final-id.js	sloppy	function-parameter.rest-not-final
test/language/expressions/class/dstr/async-gen-meth-static-dflt-ary-ptrn-rest-not-final-id.js	strict	function-parameter.rest-not-final
test/language/expressions/class/dstr/async-gen-meth-static-dflt-ary-ptrn-rest-not-final-obj.js	sloppy	function-parameter.rest-not-final
test/language/expressions/class/dstr/async-gen-meth-static-dflt-ary-ptrn-rest-not-final-obj.js	strict	function-parameter.rest-not-final
test/language/expressions/class/method-static/rest-params-trailing-comma-early-error.js	sloppy	syntax.expecting-close-paren
test/language/expressions/class/method-static/rest-params-trailing-comma-early-error.js	strict	syntax.expecting-close-paren
test/language/expressions/class/method/rest-params-trailing-comma-early-error.js	sloppy	syntax.expecting-close-paren
test/language/expressions/class/method/rest-params-trailing-comma-early-error.js	strict	syntax.expecting-close-paren
test/language/expressions/compound-assignment/11.13.2-6-1gs.js	strict	assignment-target.strict-restricted-identifier
test/language/expressions/compound-assignment/add-arguments-strict.js	strict	assignment-target.strict-restricted-identifier
test/language/expressions/compound-assignment/add-eval-strict.js	strict	assignment-target.strict-restricted-identifier
test/language/expressions/compound-assignment/add-non-simple.js	sloppy	assignment-target.non-simple
test/language/expressions/compound-assignment/add-non-simple.js	strict	assignment-target.non-simple
test/language/expressions/compound-assignment/and-arguments-strict.js	strict	assignment-target.strict-restricted-identifier
test/language/expressions/compound-assignment/and-eval-strict.js	strict	assignment-target.strict-restricted-identifier
test/language/expressions/compound-assignment/btws-and-non-simple.js	sloppy	assignment-target.non-simple
test/language/expressions/compound-assignment/btws-and-non-simple.js	strict	assignment-target.non-simple
test/language/expressions/compound-assignment/btws-or-non-simple.js	sloppy	assignment-target.non-simple
test/language/expressions/compound-assignment/btws-or-non-simple.js	strict	assignment-target.non-simple
test/language/expressions/compound-assignment/btws-xor-non-simple.js	sloppy	assignment-target.non-simple
test/language/expressions/compound-assignment/btws-xor-non-simple.js	strict	assignment-target.non-simple
test/language/expressions/compound-assignment/div-arguments-strict.js	strict	assignment-target.strict-restricted-identifier
test/language/expressions/compound-assignment/div-eval-strict.js	strict	assignment-target.strict-restricted-identifier
test/language/expressions/compound-assignment/div-non-simple.js	sloppy	assignment-target.non-simple
test/language/expressions/compound-assignment/div-non-simple.js	strict	assignment-target.non-simple
test/language/expressions/compound-assignment/left-shift-non-simple.js	sloppy	assignment-target.non-simple
test/language/expressions/compound-assignment/left-shift-non-simple.js	strict	assignment-target.non-simple
test/language/expressions/compound-assignment/lshift-arguments-strict.js	strict	assignment-target.strict-restricted-identifier
test/language/expressions/compound-assignment/lshift-eval-strict.js	strict	assignment-target.strict-restricted-identifier
test/language/expressions/compound-assignment/mod-arguments-strict.js	strict	assignment-target.strict-restricted-identifier
test/language/expressions/compound-assignment/mod-div-non-simple.js	sloppy	assignment-target.non-simple
test/language/expressions/compound-assignment/mod-div-non-simple.js	strict	assignment-target.non-simple
test/language/expressions/compound-assignment/mod-eval-strict.js	strict	assignment-target.strict-restricted-identifier
test/language/expressions/compound-assignment/mult-arguments-strict.js	strict	assignment-target.strict-restricted-identifier
test/language/expressions/compound-assignment/mult-eval-strict.js	strict	assignment-target.strict-restricted-identifier
test/language/expressions/compound-assignment/mult-non-simple.js	sloppy	assignment-target.non-simple
test/language/expressions/compound-assignment/mult-non-simple.js	strict	assignment-target.non-simple
test/language/expressions/compound-assignment/or-arguments-strict.js	strict	assignment-target.strict-restricted-identifier
test/language/expressions/compound-assignment/or-eval-strict.js	strict	assignment-target.strict-restricted-identifier
test/language/expressions/compound-assignment/right-shift-non-simple.js	sloppy	assignment-target.non-simple
test/language/expressions/compound-assignment/right-shift-non-simple.js	strict	assignment-target.non-simple
test/language/expressions/compound-assignment/srshift-arguments-strict.js	strict	assignment-target.strict-restricted-identifier
test/language/expressions/compound-assignment/srshift-eval-strict.js	strict	assignment-target.strict-restricted-identifier
test/language/expressions/compound-assignment/sub-arguments-strict.js	strict	assignment-target.strict-restricted-identifier
test/language/expressions/compound-assignment/sub-eval-strict.js	strict	assignment-target.strict-restricted-identifier
test/language/expressions/compound-assignment/subtract-non-simple.js	sloppy	assignment-target.non-simple
test/language/expressions/compound-assignment/subtract-non-simple.js	strict	assignment-target.non-simple
test/language/expressions/compound-assignment/u-right-shift-non-simple.js	sloppy	assignment-target.non-simple
test/language/expressions/compound-assignment/u-right-shift-non-simple.js	strict	assignment-target.non-simple
test/language/expressions/compound-assignment/urshift-arguments-strict.js	strict	assignment-target.strict-restricted-identifier
test/language/expressions/compound-assignment/urshift-eval-strict.js	strict	assignment-target.strict-restricted-identifier
test/language/expressions/compound-assignment/xor-arguments-strict.js	strict	assignment-target.strict-restricted-identifier
test/language/expressions/compound-assignment/xor-eval-strict.js	strict	assignment-target.strict-restricted-identifier
test/language/expressions/conditional/in-branch-2.js	sloppy	statement.missing-semicolon
test/language/expressions/conditional/in-branch-2.js	strict	statement.missing-semicolon
test/language/expressions/conditional/in-condition.js	sloppy	statement.missing-semicolon
test/language/expressions/conditional/in-condition.js	strict	statement.missing-semicolon
test/language/expressions/function/early-body-super-call.js	sloppy	super-call.derived-constructor-only
test/language/expressions/function/early-body-super-call.js	strict	super-call.derived-constructor-only
test/language/expressions/function/early-params-super-call.js	sloppy	super-call.derived-constructor-only
test/language/expressions/function/early-params-super-call.js	strict	super-call.derived-constructor-only
test/language/expressions/function/rest-params-trailing-comma-early-error.js	sloppy	syntax.expecting-close-paren
test/language/expressions/function/rest-params-trailing-comma-early-error.js	strict	syntax.expecting-close-paren
test/language/expressions/object/dstr/async-gen-meth-ary-ptrn-rest-init-ary.js	sloppy	function-parameter.rest-default
test/language/expressions/object/dstr/async-gen-meth-ary-ptrn-rest-init-ary.js	strict	function-parameter.rest-default
test/language/expressions/object/dstr/async-gen-meth-ary-ptrn-rest-init-id.js	sloppy	function-parameter.rest-not-final
test/language/expressions/object/dstr/async-gen-meth-ary-ptrn-rest-init-id.js	strict	function-parameter.rest-not-final
test/language/expressions/object/dstr/async-gen-meth-ary-ptrn-rest-init-obj.js	sloppy	function-parameter.rest-default
test/language/expressions/object/dstr/async-gen-meth-ary-ptrn-rest-init-obj.js	strict	function-parameter.rest-default
test/language/expressions/object/dstr/async-gen-meth-ary-ptrn-rest-not-final-ary.js	sloppy	function-parameter.rest-not-final
test/language/expressions/object/dstr/async-gen-meth-ary-ptrn-rest-not-final-ary.js	strict	function-parameter.rest-not-final
test/language/expressions/object/dstr/async-gen-meth-ary-ptrn-rest-not-final-id.js	sloppy	function-parameter.rest-not-final
test/language/expressions/object/dstr/async-gen-meth-ary-ptrn-rest-not-final-id.js	strict	function-parameter.rest-not-final
test/language/expressions/object/dstr/async-gen-meth-ary-ptrn-rest-not-final-obj.js	sloppy	function-parameter.rest-not-final
test/language/expressions/object/dstr/async-gen-meth-ary-ptrn-rest-not-final-obj.js	strict	function-parameter.rest-not-final
test/language/expressions/object/dstr/async-gen-meth-dflt-ary-ptrn-rest-init-ary.js	sloppy	function-parameter.rest-default
test/language/expressions/object/dstr/async-gen-meth-dflt-ary-ptrn-rest-init-ary.js	strict	function-parameter.rest-default
test/language/expressions/object/dstr/async-gen-meth-dflt-ary-ptrn-rest-init-id.js	sloppy	function-parameter.rest-not-final
test/language/expressions/object/dstr/async-gen-meth-dflt-ary-ptrn-rest-init-id.js	strict	function-parameter.rest-not-final
test/language/expressions/object/dstr/async-gen-meth-dflt-ary-ptrn-rest-init-obj.js	sloppy	function-parameter.rest-default
test/language/expressions/object/dstr/async-gen-meth-dflt-ary-ptrn-rest-init-obj.js	strict	function-parameter.rest-default
test/language/expressions/object/dstr/async-gen-meth-dflt-ary-ptrn-rest-not-final-ary.js	sloppy	function-parameter.rest-not-final
test/language/expressions/object/dstr/async-gen-meth-dflt-ary-ptrn-rest-not-final-ary.js	strict	function-parameter.rest-not-final
test/language/expressions/object/dstr/async-gen-meth-dflt-ary-ptrn-rest-not-final-id.js	sloppy	function-parameter.rest-not-final
test/language/expressions/object/dstr/async-gen-meth-dflt-ary-ptrn-rest-not-final-id.js	strict	function-parameter.rest-not-final
test/language/expressions/object/dstr/async-gen-meth-dflt-ary-ptrn-rest-not-final-obj.js	sloppy	function-parameter.rest-not-final
test/language/expressions/object/dstr/async-gen-meth-dflt-ary-ptrn-rest-not-final-obj.js	strict	function-parameter.rest-not-final
test/language/expressions/object/method-definition/async-await-as-binding-identifier-escaped.js	sloppy	async-context.await-reserved-identifier
test/language/expressions/object/method-definition/async-await-as-binding-identifier-escaped.js	strict	async-context.await-reserved-identifier
test/language/expressions/object/method-definition/async-await-as-binding-identifier.js	sloppy	binding.variable-name-expected
test/language/expressions/object/method-definition/async-await-as-binding-identifier.js	strict	binding.variable-name-expected
test/language/expressions/object/method-definition/async-await-as-identifier-reference-escaped.js	sloppy	async-context.await-reserved-identifier
test/language/expressions/object/method-definition/async-await-as-identifier-reference-escaped.js	strict	async-context.await-reserved-identifier
test/language/expressions/object/method-definition/async-await-as-identifier-reference.js	sloppy	expression.unexpected-token
test/language/expressions/object/method-definition/async-await-as-identifier-reference.js	strict	expression.unexpected-token
test/language/expressions/object/method-definition/async-await-as-label-identifier-escaped.js	sloppy	async-context.await-reserved-identifier
test/language/expressions/object/method-definition/async-await-as-label-identifier-escaped.js	strict	async-context.await-reserved-identifier
test/language/expressions/object/method-definition/async-gen-await-as-binding-identifier-escaped.js	sloppy	async-context.await-reserved-identifier
test/language/expressions/object/method-definition/async-gen-await-as-binding-identifier-escaped.js	strict	async-context.await-reserved-identifier
test/language/expressions/object/method-definition/async-gen-await-as-binding-identifier.js	sloppy	binding.variable-name-expected
test/language/expressions/object/method-definition/async-gen-await-as-binding-identifier.js	strict	binding.variable-name-expected
test/language/expressions/object/method-definition/async-gen-await-as-identifier-reference-escaped.js	sloppy	async-context.await-reserved-identifier
test/language/expressions/object/method-definition/async-gen-await-as-identifier-reference-escaped.js	strict	async-context.await-reserved-identifier
test/language/expressions/object/method-definition/async-gen-await-as-identifier-reference.js	sloppy	expression.unexpected-token
test/language/expressions/object/method-definition/async-gen-await-as-identifier-reference.js	strict	expression.unexpected-token
test/language/expressions/object/method-definition/async-gen-await-as-label-identifier-escaped.js	sloppy	async-context.await-reserved-identifier
test/language/expressions/object/method-definition/async-gen-await-as-label-identifier-escaped.js	strict	async-context.await-reserved-identifier
test/language/expressions/object/method-definition/async-gen-meth-rest-params-trailing-comma-early-error.js	sloppy	syntax.expecting-close-paren
test/language/expressions/object/method-definition/async-gen-meth-rest-params-trailing-comma-early-error.js	strict	syntax.expecting-close-paren
test/language/expressions/object/method-definition/async-gen-yield-as-binding-identifier-escaped.js	sloppy	generator.yield-reserved-identifier
test/language/expressions/object/method-definition/async-gen-yield-as-binding-identifier-escaped.js	strict	generator.yield-reserved-identifier
test/language/expressions/object/method-definition/async-gen-yield-as-binding-identifier.js	sloppy	binding.variable-name-expected
test/language/expressions/object/method-definition/async-gen-yield-as-binding-identifier.js	strict	binding.variable-name-expected
test/language/expressions/object/method-definition/async-gen-yield-as-identifier-reference-escaped.js	sloppy	generator.yield-reserved-identifier
test/language/expressions/object/method-definition/async-gen-yield-as-identifier-reference-escaped.js	strict	generator.yield-reserved-identifier
test/language/expressions/object/method-definition/async-gen-yield-as-label-identifier-escaped.js	sloppy	generator.yield-reserved-identifier
test/language/expressions/object/method-definition/async-gen-yield-as-label-identifier-escaped.js	strict	generator.yield-reserved-identifier
test/language/expressions/object/method-definition/async-gen-yield-as-label-identifier.js	sloppy	statement.missing-semicolon
test/language/expressions/object/method-definition/async-gen-yield-as-label-identifier.js	strict	statement.missing-semicolon
test/language/expressions/object/method-definition/async-gen-yield-identifier-spread-strict.js	strict	binding.variable-name-expected
test/language/expressions/object/method-definition/async-gen-yield-identifier-strict.js	strict	binding.variable-name-expected
test/language/expressions/object/method-definition/async-meth-rest-params-trailing-comma-early-error.js	sloppy	syntax.expecting-close-paren
test/language/expressions/object/method-definition/async-meth-rest-params-trailing-comma-early-error.js	strict	syntax.expecting-close-paren
test/language/expressions/object/method-definition/early-errors-object-method-body-contains-super-call.js	sloppy	super-call.derived-constructor-only
test/language/expressions/object/method-definition/early-errors-object-method-body-contains-super-call.js	strict	super-call.derived-constructor-only
test/language/expressions/object/method-definition/early-errors-object-method-formals-contains-super-call.js	sloppy	super-call.derived-constructor-only
test/language/expressions/object/method-definition/early-errors-object-method-formals-contains-super-call.js	strict	super-call.derived-constructor-only
test/language/expressions/object/method-definition/meth-rest-params-trailing-comma-early-error.js	sloppy	syntax.expecting-close-paren
test/language/expressions/object/method-definition/meth-rest-params-trailing-comma-early-error.js	strict	syntax.expecting-close-paren
test/language/expressions/object/method-definition/name-super-call-param.js	sloppy	super-call.derived-constructor-only
test/language/expressions/object/method-definition/name-super-call-param.js	strict	super-call.derived-constructor-only
test/language/expressions/postfix-decrement/arguments.js	strict	assignment-target.strict-restricted-identifier
test/language/expressions/postfix-decrement/eval.js	strict	assignment-target.strict-restricted-identifier
test/language/expressions/postfix-decrement/line-terminator-carriage-return.js	sloppy	expression.unexpected-token
test/language/expressions/postfix-decrement/line-terminator-carriage-return.js	strict	expression.unexpected-token
test/language/expressions/postfix-decrement/line-terminator-line-feed.js	sloppy	expression.unexpected-token
test/language/expressions/postfix-decrement/line-terminator-line-feed.js	strict	expression.unexpected-token
test/language/expressions/postfix-decrement/line-terminator-line-separator.js	sloppy	expression.unexpected-token
test/language/expressions/postfix-decrement/line-terminator-line-separator.js	strict	expression.unexpected-token
test/language/expressions/postfix-decrement/line-terminator-paragraph-separator.js	sloppy	expression.unexpected-token
test/language/expressions/postfix-decrement/line-terminator-paragraph-separator.js	strict	expression.unexpected-token
test/language/expressions/postfix-increment/11.3.1-2-1gs.js	strict	assignment-target.strict-restricted-identifier
test/language/expressions/postfix-increment/arguments.js	strict	assignment-target.strict-restricted-identifier
test/language/expressions/postfix-increment/eval.js	strict	assignment-target.strict-restricted-identifier
test/language/expressions/postfix-increment/line-terminator-carriage-return.js	sloppy	expression.unexpected-token
test/language/expressions/postfix-increment/line-terminator-carriage-return.js	strict	expression.unexpected-token
test/language/expressions/postfix-increment/line-terminator-line-feed.js	sloppy	expression.unexpected-token
test/language/expressions/postfix-increment/line-terminator-line-feed.js	strict	expression.unexpected-token
test/language/expressions/postfix-increment/line-terminator-line-separator.js	sloppy	expression.unexpected-token
test/language/expressions/postfix-increment/line-terminator-line-separator.js	strict	expression.unexpected-token
test/language/expressions/postfix-increment/line-terminator-paragraph-separator.js	sloppy	expression.unexpected-token
test/language/expressions/postfix-increment/line-terminator-paragraph-separator.js	strict	expression.unexpected-token
test/language/expressions/prefix-decrement/11.4.5-2-2gs.js	strict	assignment-target.strict-restricted-identifier
test/language/expressions/prefix-decrement/arguments.js	strict	assignment-target.strict-restricted-identifier
test/language/expressions/prefix-decrement/eval.js	strict	assignment-target.strict-restricted-identifier
test/language/expressions/prefix-increment/arguments.js	strict	assignment-target.strict-restricted-identifier
test/language/expressions/prefix-increment/eval.js	strict	assignment-target.strict-restricted-identifier
test/language/expressions/this/S11.1.1_A1.js	sloppy	assignment-target.non-simple
test/language/expressions/this/S11.1.1_A1.js	strict	assignment-target.non-simple
test/language/global-code/import.js	sloppy	syntax.expecting-open-paren
test/language/global-code/import.js	strict	syntax.expecting-open-paren
test/language/global-code/super-call-arrow.js	sloppy	super-call.derived-constructor-only
test/language/global-code/super-call-arrow.js	strict	super-call.derived-constructor-only
test/language/global-code/super-call.js	sloppy	super-call.derived-constructor-only
test/language/global-code/super-call.js	strict	super-call.derived-constructor-only
test/language/identifiers/start-zwj-escaped.js	sloppy	binding.variable-name-expected
test/language/identifiers/start-zwj-escaped.js	strict	binding.variable-name-expected
test/language/identifiers/start-zwnj-escaped.js	sloppy	binding.variable-name-expected
test/language/identifiers/start-zwnj-escaped.js	strict	binding.variable-name-expected
test/language/identifiers/val-break.js	sloppy	binding.variable-name-expected
test/language/identifiers/val-break.js	strict	binding.variable-name-expected
test/language/identifiers/val-case.js	sloppy	binding.variable-name-expected
test/language/identifiers/val-case.js	strict	binding.variable-name-expected
test/language/identifiers/val-catch.js	sloppy	binding.variable-name-expected
test/language/identifiers/val-catch.js	strict	binding.variable-name-expected
test/language/identifiers/val-class.js	sloppy	binding.variable-name-expected
test/language/identifiers/val-class.js	strict	binding.variable-name-expected
test/language/identifiers/val-const.js	sloppy	binding.variable-name-expected
test/language/identifiers/val-const.js	strict	binding.variable-name-expected
test/language/identifiers/val-continue.js	sloppy	binding.variable-name-expected
test/language/identifiers/val-continue.js	strict	binding.variable-name-expected
test/language/identifiers/val-default.js	sloppy	binding.variable-name-expected
test/language/identifiers/val-default.js	strict	binding.variable-name-expected
test/language/identifiers/val-delete.js	sloppy	binding.variable-name-expected
test/language/identifiers/val-delete.js	strict	binding.variable-name-expected
test/language/identifiers/val-do.js	sloppy	binding.variable-name-expected
test/language/identifiers/val-do.js	strict	binding.variable-name-expected
test/language/identifiers/val-else.js	sloppy	binding.variable-name-expected
test/language/identifiers/val-else.js	strict	binding.variable-name-expected
test/language/identifiers/val-enum.js	sloppy	binding.variable-name-expected
test/language/identifiers/val-enum.js	strict	binding.variable-name-expected
test/language/identifiers/val-export.js	sloppy	binding.variable-name-expected
test/language/identifiers/val-export.js	strict	binding.variable-name-expected
test/language/identifiers/val-extends.js	sloppy	binding.variable-name-expected
test/language/identifiers/val-extends.js	strict	binding.variable-name-expected
test/language/identifiers/val-false.js	sloppy	binding.variable-name-expected
test/language/identifiers/val-false.js	strict	binding.variable-name-expected
test/language/identifiers/val-finally.js	sloppy	binding.variable-name-expected
test/language/identifiers/val-finally.js	strict	binding.variable-name-expected
test/language/identifiers/val-for.js	sloppy	binding.variable-name-expected
test/language/identifiers/val-for.js	strict	binding.variable-name-expected
test/language/identifiers/val-function.js	sloppy	binding.variable-name-expected
test/language/identifiers/val-function.js	strict	binding.variable-name-expected
test/language/identifiers/val-if.js	sloppy	binding.variable-name-expected
test/language/identifiers/val-if.js	strict	binding.variable-name-expected
test/language/identifiers/val-import.js	sloppy	binding.variable-name-expected
test/language/identifiers/val-import.js	strict	binding.variable-name-expected
test/language/identifiers/val-in.js	sloppy	binding.variable-name-expected
test/language/identifiers/val-in.js	strict	binding.variable-name-expected
test/language/identifiers/val-instanceof.js	sloppy	binding.variable-name-expected
test/language/identifiers/val-instanceof.js	strict	binding.variable-name-expected
test/language/identifiers/val-new.js	sloppy	binding.variable-name-expected
test/language/identifiers/val-new.js	strict	binding.variable-name-expected
test/language/identifiers/val-null.js	sloppy	binding.variable-name-expected
test/language/identifiers/val-null.js	strict	binding.variable-name-expected
test/language/identifiers/val-return.js	sloppy	binding.variable-name-expected
test/language/identifiers/val-return.js	strict	binding.variable-name-expected
test/language/identifiers/val-super.js	sloppy	binding.variable-name-expected
test/language/identifiers/val-super.js	strict	binding.variable-name-expected
test/language/identifiers/val-switch.js	sloppy	binding.variable-name-expected
test/language/identifiers/val-switch.js	strict	binding.variable-name-expected
test/language/identifiers/val-this.js	sloppy	binding.variable-name-expected
test/language/identifiers/val-this.js	strict	binding.variable-name-expected
test/language/identifiers/val-throw.js	sloppy	binding.variable-name-expected
test/language/identifiers/val-throw.js	strict	binding.variable-name-expected
test/language/identifiers/val-true.js	sloppy	binding.variable-name-expected
test/language/identifiers/val-true.js	strict	binding.variable-name-expected
test/language/identifiers/val-try.js	sloppy	binding.variable-name-expected
test/language/identifiers/val-try.js	strict	binding.variable-name-expected
test/language/identifiers/val-typeof.js	sloppy	binding.variable-name-expected
test/language/identifiers/val-typeof.js	strict	binding.variable-name-expected
test/language/identifiers/val-var.js	sloppy	binding.variable-name-expected
test/language/identifiers/val-var.js	strict	binding.variable-name-expected
test/language/identifiers/val-void.js	sloppy	binding.variable-name-expected
test/language/identifiers/val-void.js	strict	binding.variable-name-expected
test/language/identifiers/val-while.js	sloppy	binding.variable-name-expected
test/language/identifiers/val-while.js	strict	binding.variable-name-expected
test/language/identifiers/val-with.js	sloppy	binding.variable-name-expected
test/language/identifiers/val-with.js	strict	binding.variable-name-expected
test/language/identifiers/val-yield-strict.js	strict	binding.variable-name-expected
test/language/identifiers/vertical-tilde-continue-escaped.js	sloppy	statement.missing-semicolon
test/language/identifiers/vertical-tilde-continue-escaped.js	strict	statement.missing-semicolon
test/language/identifiers/vertical-tilde-start-escaped.js	sloppy	binding.variable-name-expected
test/language/identifiers/vertical-tilde-start-escaped.js	strict	binding.variable-name-expected
test/language/keywords/ident-ref-for.js	sloppy	syntax.expecting-open-paren
test/language/keywords/ident-ref-for.js	strict	syntax.expecting-open-paren
test/language/keywords/ident-ref-if.js	sloppy	syntax.expecting-open-paren
test/language/keywords/ident-ref-if.js	strict	syntax.expecting-open-paren
test/language/keywords/ident-ref-switch.js	sloppy	syntax.expecting-open-paren
test/language/keywords/ident-ref-switch.js	strict	syntax.expecting-open-paren
test/language/keywords/ident-ref-var.js	sloppy	binding.variable-name-expected
test/language/keywords/ident-ref-var.js	strict	binding.variable-name-expected
test/language/keywords/ident-ref-while.js	sloppy	syntax.expecting-open-paren
test/language/keywords/ident-ref-while.js	strict	syntax.expecting-open-paren
test/language/keywords/ident-ref-with.js	sloppy	syntax.expecting-open-paren
test/language/keywords/ident-ref-with.js	strict	strict-mode.with-statement
test/language/line-terminators/invalid-comment-single-cr.js	sloppy	statement.missing-semicolon
test/language/line-terminators/invalid-comment-single-cr.js	strict	statement.missing-semicolon
test/language/line-terminators/invalid-comment-single-lf.js	sloppy	statement.missing-semicolon
test/language/line-terminators/invalid-comment-single-lf.js	strict	statement.missing-semicolon
test/language/line-terminators/invalid-regexp-cr.js	sloppy	regexp.line-terminator
test/language/line-terminators/invalid-regexp-cr.js	strict	regexp.line-terminator
test/language/line-terminators/invalid-regexp-lf.js	sloppy	regexp.line-terminator
test/language/line-terminators/invalid-regexp-lf.js	strict	regexp.line-terminator
test/language/line-terminators/invalid-regexp-ls.js	sloppy	regexp.line-terminator
test/language/line-terminators/invalid-regexp-ls.js	strict	regexp.line-terminator
test/language/line-terminators/invalid-regexp-ps.js	sloppy	regexp.line-terminator
test/language/line-terminators/invalid-regexp-ps.js	strict	regexp.line-terminator
test/language/literals/numeric/binary-invalid-unicode.js	sloppy	statement.missing-semicolon
test/language/literals/numeric/binary-invalid-unicode.js	strict	statement.missing-semicolon
test/language/literals/numeric/octal-invalid-unicode.js	sloppy	statement.missing-semicolon
test/language/literals/numeric/octal-invalid-unicode.js	strict	statement.missing-semicolon
test/language/literals/regexp/S7.8.5_A1.2_T2.js	sloppy	regexp.line-terminator
test/language/literals/regexp/S7.8.5_A1.2_T2.js	strict	regexp.line-terminator
test/language/literals/regexp/S7.8.5_A1.3_T1.js	sloppy	regexp.line-terminator
test/language/literals/regexp/S7.8.5_A1.3_T1.js	strict	regexp.line-terminator
test/language/literals/regexp/S7.8.5_A1.3_T3.js	sloppy	regexp.line-terminator
test/language/literals/regexp/S7.8.5_A1.3_T3.js	strict	regexp.line-terminator
test/language/literals/regexp/S7.8.5_A1.5_T1.js	sloppy	regexp.line-terminator
test/language/literals/regexp/S7.8.5_A1.5_T1.js	strict	regexp.line-terminator
test/language/literals/regexp/S7.8.5_A1.5_T3.js	sloppy	regexp.line-terminator
test/language/literals/regexp/S7.8.5_A1.5_T3.js	strict	regexp.line-terminator
test/language/literals/regexp/S7.8.5_A2.2_T1.js	sloppy	regexp.line-terminator
test/language/literals/regexp/S7.8.5_A2.2_T1.js	strict	regexp.line-terminator
test/language/literals/regexp/S7.8.5_A2.3_T1.js	sloppy	regexp.line-terminator
test/language/literals/regexp/S7.8.5_A2.3_T1.js	strict	regexp.line-terminator
test/language/literals/regexp/S7.8.5_A2.3_T3.js	sloppy	regexp.line-terminator
test/language/literals/regexp/S7.8.5_A2.3_T3.js	strict	regexp.line-terminator
test/language/literals/regexp/S7.8.5_A2.5_T1.js	sloppy	regexp.line-terminator
test/language/literals/regexp/S7.8.5_A2.5_T1.js	strict	regexp.line-terminator
test/language/literals/regexp/S7.8.5_A2.5_T3.js	sloppy	regexp.line-terminator
test/language/literals/regexp/S7.8.5_A2.5_T3.js	strict	regexp.line-terminator
test/language/literals/regexp/early-err-flags-unicode-escape.js	sloppy	statement.missing-semicolon
test/language/literals/regexp/early-err-flags-unicode-escape.js	strict	statement.missing-semicolon
test/language/literals/regexp/regexp-first-char-no-line-separator.js	sloppy	regexp.line-terminator
test/language/literals/regexp/regexp-first-char-no-line-separator.js	strict	regexp.line-terminator
test/language/literals/regexp/regexp-first-char-no-paragraph-separator.js	sloppy	regexp.line-terminator
test/language/literals/regexp/regexp-first-char-no-paragraph-separator.js	strict	regexp.line-terminator
test/language/literals/regexp/regexp-source-char-no-line-separator.js	sloppy	regexp.line-terminator
test/language/literals/regexp/regexp-source-char-no-line-separator.js	strict	regexp.line-terminator
test/language/literals/regexp/regexp-source-char-no-paragraph-separator.js	sloppy	regexp.line-terminator
test/language/literals/regexp/regexp-source-char-no-paragraph-separator.js	strict	regexp.line-terminator
test/language/punctuators/S7.7_A2_T10.js	sloppy	statement.missing-semicolon
test/language/punctuators/S7.7_A2_T10.js	strict	statement.missing-semicolon
test/language/punctuators/S7.7_A2_T6.js	sloppy	statement.missing-semicolon
test/language/punctuators/S7.7_A2_T6.js	strict	statement.missing-semicolon
test/language/punctuators/S7.7_A2_T7.js	sloppy	statement.missing-semicolon
test/language/punctuators/S7.7_A2_T7.js	strict	statement.missing-semicolon
test/language/punctuators/S7.7_A2_T8.js	sloppy	statement.missing-semicolon
test/language/punctuators/S7.7_A2_T8.js	strict	statement.missing-semicolon
test/language/punctuators/S7.7_A2_T9.js	sloppy	statement.missing-semicolon
test/language/punctuators/S7.7_A2_T9.js	strict	statement.missing-semicolon
test/language/reserved-words/label-ident-false.js	sloppy	statement.missing-semicolon
test/language/reserved-words/label-ident-false.js	strict	statement.missing-semicolon
test/language/reserved-words/label-ident-null.js	sloppy	statement.missing-semicolon
test/language/reserved-words/label-ident-null.js	strict	statement.missing-semicolon
test/language/reserved-words/label-ident-true.js	sloppy	statement.missing-semicolon
test/language/reserved-words/label-ident-true.js	strict	statement.missing-semicolon
test/language/rest-parameters/position-invalid.js	sloppy	syntax.expecting-close-paren
test/language/rest-parameters/position-invalid.js	strict	syntax.expecting-close-paren
test/language/statements/async-function/await-as-binding-identifier-escaped.js	sloppy	async-context.await-reserved-identifier
test/language/statements/async-function/await-as-binding-identifier-escaped.js	strict	async-context.await-reserved-identifier
test/language/statements/async-function/await-as-binding-identifier.js	sloppy	binding.variable-name-expected
test/language/statements/async-function/await-as-binding-identifier.js	strict	binding.variable-name-expected
test/language/statements/async-function/await-as-identifier-reference-escaped.js	sloppy	async-context.await-reserved-identifier
test/language/statements/async-function/await-as-identifier-reference-escaped.js	strict	async-context.await-reserved-identifier
test/language/statements/async-function/await-as-identifier-reference.js	sloppy	expression.unexpected-token
test/language/statements/async-function/await-as-identifier-reference.js	strict	expression.unexpected-token
test/language/statements/async-function/await-as-label-identifier-escaped.js	sloppy	async-context.await-reserved-identifier
test/language/statements/async-function/await-as-label-identifier-escaped.js	strict	async-context.await-reserved-identifier
test/language/statements/async-function/early-errors-declaration-body-contains-super-call.js	sloppy	super-call.derived-constructor-only
test/language/statements/async-function/early-errors-declaration-body-contains-super-call.js	strict	super-call.derived-constructor-only
test/language/statements/async-function/early-errors-declaration-formals-contains-super-call.js	sloppy	super-call.derived-constructor-only
test/language/statements/async-function/early-errors-declaration-formals-contains-super-call.js	strict	super-call.derived-constructor-only
test/language/statements/async-function/escaped-async.js	sloppy	statement.missing-semicolon
test/language/statements/async-function/escaped-async.js	strict	statement.missing-semicolon
test/language/statements/async-function/let-newline-await-in-async-function.js	sloppy	binding.variable-name-expected
test/language/statements/async-function/let-newline-await-in-async-function.js	strict	binding.variable-name-expected
test/language/statements/async-function/rest-params-trailing-comma-early-error.js	sloppy	syntax.expecting-close-paren
test/language/statements/async-function/rest-params-trailing-comma-early-error.js	strict	syntax.expecting-close-paren
test/language/statements/async-generator/await-as-binding-identifier-escaped.js	sloppy	async-context.await-reserved-identifier
test/language/statements/async-generator/await-as-binding-identifier-escaped.js	strict	async-context.await-reserved-identifier
test/language/statements/async-generator/await-as-binding-identifier.js	sloppy	binding.variable-name-expected
test/language/statements/async-generator/await-as-binding-identifier.js	strict	binding.variable-name-expected
test/language/statements/async-generator/await-as-identifier-reference-escaped.js	sloppy	async-context.await-reserved-identifier
test/language/statements/async-generator/await-as-identifier-reference-escaped.js	strict	async-context.await-reserved-identifier
test/language/statements/async-generator/await-as-identifier-reference.js	sloppy	expression.unexpected-token
test/language/statements/async-generator/await-as-identifier-reference.js	strict	expression.unexpected-token
test/language/statements/async-generator/await-as-label-identifier-escaped.js	sloppy	async-context.await-reserved-identifier
test/language/statements/async-generator/await-as-label-identifier-escaped.js	strict	async-context.await-reserved-identifier
test/language/statements/async-generator/dstr/ary-ptrn-rest-init-ary.js	sloppy	function-parameter.rest-default
test/language/statements/async-generator/dstr/ary-ptrn-rest-init-ary.js	strict	function-parameter.rest-default
test/language/statements/async-generator/dstr/ary-ptrn-rest-init-id.js	sloppy	function-parameter.rest-not-final
test/language/statements/async-generator/dstr/ary-ptrn-rest-init-id.js	strict	function-parameter.rest-not-final
test/language/statements/async-generator/dstr/ary-ptrn-rest-init-obj.js	sloppy	function-parameter.rest-default
test/language/statements/async-generator/dstr/ary-ptrn-rest-init-obj.js	strict	function-parameter.rest-default
test/language/statements/async-generator/dstr/ary-ptrn-rest-not-final-ary.js	sloppy	function-parameter.rest-not-final
test/language/statements/async-generator/dstr/ary-ptrn-rest-not-final-ary.js	strict	function-parameter.rest-not-final
test/language/statements/async-generator/dstr/ary-ptrn-rest-not-final-id.js	sloppy	function-parameter.rest-not-final
test/language/statements/async-generator/dstr/ary-ptrn-rest-not-final-id.js	strict	function-parameter.rest-not-final
test/language/statements/async-generator/dstr/ary-ptrn-rest-not-final-obj.js	sloppy	function-parameter.rest-not-final
test/language/statements/async-generator/dstr/ary-ptrn-rest-not-final-obj.js	strict	function-parameter.rest-not-final
test/language/statements/async-generator/dstr/dflt-ary-ptrn-rest-init-ary.js	sloppy	function-parameter.rest-default
test/language/statements/async-generator/dstr/dflt-ary-ptrn-rest-init-ary.js	strict	function-parameter.rest-default
test/language/statements/async-generator/dstr/dflt-ary-ptrn-rest-init-id.js	sloppy	function-parameter.rest-not-final
test/language/statements/async-generator/dstr/dflt-ary-ptrn-rest-init-id.js	strict	function-parameter.rest-not-final
test/language/statements/async-generator/dstr/dflt-ary-ptrn-rest-init-obj.js	sloppy	function-parameter.rest-default
test/language/statements/async-generator/dstr/dflt-ary-ptrn-rest-init-obj.js	strict	function-parameter.rest-default
test/language/statements/async-generator/dstr/dflt-ary-ptrn-rest-not-final-ary.js	sloppy	function-parameter.rest-not-final
test/language/statements/async-generator/dstr/dflt-ary-ptrn-rest-not-final-ary.js	strict	function-parameter.rest-not-final
test/language/statements/async-generator/dstr/dflt-ary-ptrn-rest-not-final-id.js	sloppy	function-parameter.rest-not-final
test/language/statements/async-generator/dstr/dflt-ary-ptrn-rest-not-final-id.js	strict	function-parameter.rest-not-final
test/language/statements/async-generator/dstr/dflt-ary-ptrn-rest-not-final-obj.js	sloppy	function-parameter.rest-not-final
test/language/statements/async-generator/dstr/dflt-ary-ptrn-rest-not-final-obj.js	strict	function-parameter.rest-not-final
test/language/statements/async-generator/escaped-async.js	sloppy	statement.missing-semicolon
test/language/statements/async-generator/escaped-async.js	strict	statement.missing-semicolon
test/language/statements/async-generator/rest-params-trailing-comma-early-error.js	sloppy	syntax.expecting-close-paren
test/language/statements/async-generator/rest-params-trailing-comma-early-error.js	strict	syntax.expecting-close-paren
test/language/statements/async-generator/yield-as-binding-identifier-escaped.js	sloppy	generator.yield-reserved-identifier
test/language/statements/async-generator/yield-as-binding-identifier-escaped.js	strict	generator.yield-reserved-identifier
test/language/statements/async-generator/yield-as-binding-identifier.js	sloppy	binding.variable-name-expected
test/language/statements/async-generator/yield-as-binding-identifier.js	strict	binding.variable-name-expected
test/language/statements/async-generator/yield-as-identifier-reference-escaped.js	sloppy	generator.yield-reserved-identifier
test/language/statements/async-generator/yield-as-identifier-reference-escaped.js	strict	generator.yield-reserved-identifier
test/language/statements/async-generator/yield-as-label-identifier-escaped.js	sloppy	generator.yield-reserved-identifier
test/language/statements/async-generator/yield-as-label-identifier-escaped.js	strict	generator.yield-reserved-identifier
test/language/statements/async-generator/yield-as-label-identifier.js	sloppy	statement.missing-semicolon
test/language/statements/async-generator/yield-as-label-identifier.js	strict	statement.missing-semicolon
test/language/statements/async-generator/yield-identifier-spread-strict.js	strict	binding.variable-name-expected
test/language/statements/async-generator/yield-identifier-strict.js	strict	binding.variable-name-expected
test/language/statements/block/12.1-4.js	sloppy	syntax.expecting-open-paren
test/language/statements/block/12.1-4.js	strict	syntax.expecting-open-paren
test/language/statements/block/12.1-5.js	sloppy	syntax.expecting-open-paren
test/language/statements/block/12.1-5.js	strict	syntax.expecting-open-paren
test/language/statements/block/12.1-6.js	sloppy	syntax.expecting-open-paren
test/language/statements/block/12.1-6.js	strict	syntax.expecting-open-paren
test/language/statements/block/labeled-continue.js	sloppy	label.break-continue-not-found
test/language/statements/block/labeled-continue.js	strict	label.break-continue-not-found
test/language/statements/break/S12.8_A1_T2.js	sloppy	label.break-continue-not-found
test/language/statements/break/S12.8_A1_T2.js	strict	label.break-continue-not-found
test/language/statements/break/S12.8_A1_T4.js	sloppy	label.break-continue-not-found
test/language/statements/break/S12.8_A1_T4.js	strict	label.break-continue-not-found
test/language/statements/break/S12.8_A5_T1.js	sloppy	label.break-continue-not-found
test/language/statements/break/S12.8_A5_T1.js	strict	label.break-continue-not-found
test/language/statements/break/S12.8_A5_T2.js	sloppy	label.break-continue-not-found
test/language/statements/break/S12.8_A5_T2.js	strict	label.break-continue-not-found
test/language/statements/break/S12.8_A5_T3.js	sloppy	label.break-continue-not-found
test/language/statements/break/S12.8_A5_T3.js	strict	label.break-continue-not-found
test/language/statements/break/S12.8_A6.js	sloppy	label.break-continue-not-found
test/language/statements/break/S12.8_A6.js	strict	label.break-continue-not-found
test/language/statements/break/S12.8_A8_T1.js	sloppy	label.break-continue-not-found
test/language/statements/break/S12.8_A8_T1.js	strict	label.break-continue-not-found
test/language/statements/class/async-gen-meth-escaped-async.js	sloppy	statement.missing-semicolon
test/language/statements/class/async-gen-meth-escaped-async.js	strict	statement.missing-semicolon
test/language/statements/class/async-gen-method-static/await-as-binding-identifier-escaped.js	sloppy	async-context.await-reserved-identifier
test/language/statements/class/async-gen-method-static/await-as-binding-identifier-escaped.js	strict	async-context.await-reserved-identifier
test/language/statements/class/async-gen-method-static/await-as-binding-identifier.js	sloppy	binding.variable-name-expected
test/language/statements/class/async-gen-method-static/await-as-binding-identifier.js	strict	binding.variable-name-expected
test/language/statements/class/async-gen-method-static/await-as-identifier-reference-escaped.js	sloppy	async-context.await-reserved-identifier
test/language/statements/class/async-gen-method-static/await-as-identifier-reference-escaped.js	strict	async-context.await-reserved-identifier
test/language/statements/class/async-gen-method-static/await-as-identifier-reference.js	sloppy	expression.unexpected-token
test/language/statements/class/async-gen-method-static/await-as-identifier-reference.js	strict	expression.unexpected-token
test/language/statements/class/async-gen-method-static/await-as-label-identifier-escaped.js	sloppy	async-context.await-reserved-identifier
test/language/statements/class/async-gen-method-static/await-as-label-identifier-escaped.js	strict	async-context.await-reserved-identifier
test/language/statements/class/async-gen-method-static/rest-params-trailing-comma-early-error.js	sloppy	syntax.expecting-close-paren
test/language/statements/class/async-gen-method-static/rest-params-trailing-comma-early-error.js	strict	syntax.expecting-close-paren
test/language/statements/class/async-gen-method-static/yield-as-binding-identifier-escaped.js	sloppy	generator.yield-reserved-identifier
test/language/statements/class/async-gen-method-static/yield-as-binding-identifier-escaped.js	strict	generator.yield-reserved-identifier
test/language/statements/class/async-gen-method-static/yield-as-binding-identifier.js	sloppy	binding.variable-name-expected
test/language/statements/class/async-gen-method-static/yield-as-binding-identifier.js	strict	binding.variable-name-expected
test/language/statements/class/async-gen-method-static/yield-as-identifier-reference-escaped.js	sloppy	generator.yield-reserved-identifier
test/language/statements/class/async-gen-method-static/yield-as-identifier-reference-escaped.js	strict	generator.yield-reserved-identifier
test/language/statements/class/async-gen-method-static/yield-as-label-identifier-escaped.js	sloppy	generator.yield-reserved-identifier
test/language/statements/class/async-gen-method-static/yield-as-label-identifier-escaped.js	strict	generator.yield-reserved-identifier
test/language/statements/class/async-gen-method-static/yield-as-label-identifier.js	sloppy	statement.missing-semicolon
test/language/statements/class/async-gen-method-static/yield-as-label-identifier.js	strict	statement.missing-semicolon
test/language/statements/class/async-gen-method-static/yield-identifier-spread-strict.js	strict	binding.variable-name-expected
test/language/statements/class/async-gen-method-static/yield-identifier-strict.js	strict	binding.variable-name-expected
test/language/statements/class/async-gen-method/await-as-binding-identifier-escaped.js	sloppy	async-context.await-reserved-identifier
test/language/statements/class/async-gen-method/await-as-binding-identifier-escaped.js	strict	async-context.await-reserved-identifier
test/language/statements/class/async-gen-method/await-as-binding-identifier.js	sloppy	binding.variable-name-expected
test/language/statements/class/async-gen-method/await-as-binding-identifier.js	strict	binding.variable-name-expected
test/language/statements/class/async-gen-method/await-as-identifier-reference-escaped.js	sloppy	async-context.await-reserved-identifier
test/language/statements/class/async-gen-method/await-as-identifier-reference-escaped.js	strict	async-context.await-reserved-identifier
test/language/statements/class/async-gen-method/await-as-identifier-reference.js	sloppy	expression.unexpected-token
test/language/statements/class/async-gen-method/await-as-identifier-reference.js	strict	expression.unexpected-token
test/language/statements/class/async-gen-method/await-as-label-identifier-escaped.js	sloppy	async-context.await-reserved-identifier
test/language/statements/class/async-gen-method/await-as-label-identifier-escaped.js	strict	async-context.await-reserved-identifier
test/language/statements/class/async-gen-method/rest-params-trailing-comma-early-error.js	sloppy	syntax.expecting-close-paren
test/language/statements/class/async-gen-method/rest-params-trailing-comma-early-error.js	strict	syntax.expecting-close-paren
test/language/statements/class/async-gen-method/yield-as-binding-identifier-escaped.js	sloppy	generator.yield-reserved-identifier
test/language/statements/class/async-gen-method/yield-as-binding-identifier-escaped.js	strict	generator.yield-reserved-identifier
test/language/statements/class/async-gen-method/yield-as-binding-identifier.js	sloppy	binding.variable-name-expected
test/language/statements/class/async-gen-method/yield-as-binding-identifier.js	strict	binding.variable-name-expected
test/language/statements/class/async-gen-method/yield-as-identifier-reference-escaped.js	sloppy	generator.yield-reserved-identifier
test/language/statements/class/async-gen-method/yield-as-identifier-reference-escaped.js	strict	generator.yield-reserved-identifier
test/language/statements/class/async-gen-method/yield-as-label-identifier-escaped.js	sloppy	generator.yield-reserved-identifier
test/language/statements/class/async-gen-method/yield-as-label-identifier-escaped.js	strict	generator.yield-reserved-identifier
test/language/statements/class/async-gen-method/yield-as-label-identifier.js	sloppy	statement.missing-semicolon
test/language/statements/class/async-gen-method/yield-as-label-identifier.js	strict	statement.missing-semicolon
test/language/statements/class/async-gen-method/yield-identifier-spread-strict.js	strict	binding.variable-name-expected
test/language/statements/class/async-gen-method/yield-identifier-strict.js	strict	binding.variable-name-expected
test/language/statements/class/async-meth-escaped-async.js	sloppy	statement.missing-semicolon
test/language/statements/class/async-meth-escaped-async.js	strict	statement.missing-semicolon
test/language/statements/class/async-method-static/await-as-binding-identifier-escaped.js	sloppy	async-context.await-reserved-identifier
test/language/statements/class/async-method-static/await-as-binding-identifier-escaped.js	strict	async-context.await-reserved-identifier
test/language/statements/class/async-method-static/await-as-binding-identifier.js	sloppy	binding.variable-name-expected
test/language/statements/class/async-method-static/await-as-binding-identifier.js	strict	binding.variable-name-expected
test/language/statements/class/async-method-static/await-as-identifier-reference-escaped.js	sloppy	async-context.await-reserved-identifier
test/language/statements/class/async-method-static/await-as-identifier-reference-escaped.js	strict	async-context.await-reserved-identifier
test/language/statements/class/async-method-static/await-as-identifier-reference.js	sloppy	expression.unexpected-token
test/language/statements/class/async-method-static/await-as-identifier-reference.js	strict	expression.unexpected-token
test/language/statements/class/async-method-static/await-as-label-identifier-escaped.js	sloppy	async-context.await-reserved-identifier
test/language/statements/class/async-method-static/await-as-label-identifier-escaped.js	strict	async-context.await-reserved-identifier
test/language/statements/class/async-method-static/rest-params-trailing-comma-early-error.js	sloppy	syntax.expecting-close-paren
test/language/statements/class/async-method-static/rest-params-trailing-comma-early-error.js	strict	syntax.expecting-close-paren
test/language/statements/class/async-method/await-as-binding-identifier-escaped.js	sloppy	async-context.await-reserved-identifier
test/language/statements/class/async-method/await-as-binding-identifier-escaped.js	strict	async-context.await-reserved-identifier
test/language/statements/class/async-method/await-as-binding-identifier.js	sloppy	binding.variable-name-expected
test/language/statements/class/async-method/await-as-binding-identifier.js	strict	binding.variable-name-expected
test/language/statements/class/async-method/await-as-identifier-reference-escaped.js	sloppy	async-context.await-reserved-identifier
test/language/statements/class/async-method/await-as-identifier-reference-escaped.js	strict	async-context.await-reserved-identifier
test/language/statements/class/async-method/await-as-identifier-reference.js	sloppy	expression.unexpected-token
test/language/statements/class/async-method/await-as-identifier-reference.js	strict	expression.unexpected-token
test/language/statements/class/async-method/await-as-label-identifier-escaped.js	sloppy	async-context.await-reserved-identifier
test/language/statements/class/async-method/await-as-label-identifier-escaped.js	strict	async-context.await-reserved-identifier
test/language/statements/class/async-method/rest-params-trailing-comma-early-error.js	sloppy	syntax.expecting-close-paren
test/language/statements/class/async-method/rest-params-trailing-comma-early-error.js	strict	syntax.expecting-close-paren
test/language/statements/class/class-name-ident-yield-escaped.js	sloppy	generator.yield-reserved-identifier
test/language/statements/class/class-name-ident-yield-escaped.js	strict	generator.yield-reserved-identifier
test/language/statements/class/definition/early-errors-class-method-body-contains-super-call.js	sloppy	super-call.derived-constructor-only
test/language/statements/class/definition/early-errors-class-method-body-contains-super-call.js	strict	super-call.derived-constructor-only
test/language/statements/class/definition/early-errors-class-method-formals-contains-super-call.js	sloppy	super-call.derived-constructor-only
test/language/statements/class/definition/early-errors-class-method-formals-contains-super-call.js	strict	super-call.derived-constructor-only
test/language/statements/class/dstr/async-gen-meth-ary-ptrn-rest-init-ary.js	sloppy	function-parameter.rest-default
test/language/statements/class/dstr/async-gen-meth-ary-ptrn-rest-init-ary.js	strict	function-parameter.rest-default
test/language/statements/class/dstr/async-gen-meth-ary-ptrn-rest-init-id.js	sloppy	function-parameter.rest-not-final
test/language/statements/class/dstr/async-gen-meth-ary-ptrn-rest-init-id.js	strict	function-parameter.rest-not-final
test/language/statements/class/dstr/async-gen-meth-ary-ptrn-rest-init-obj.js	sloppy	function-parameter.rest-default
test/language/statements/class/dstr/async-gen-meth-ary-ptrn-rest-init-obj.js	strict	function-parameter.rest-default
test/language/statements/class/dstr/async-gen-meth-ary-ptrn-rest-not-final-ary.js	sloppy	function-parameter.rest-not-final
test/language/statements/class/dstr/async-gen-meth-ary-ptrn-rest-not-final-ary.js	strict	function-parameter.rest-not-final
test/language/statements/class/dstr/async-gen-meth-ary-ptrn-rest-not-final-id.js	sloppy	function-parameter.rest-not-final
test/language/statements/class/dstr/async-gen-meth-ary-ptrn-rest-not-final-id.js	strict	function-parameter.rest-not-final
test/language/statements/class/dstr/async-gen-meth-ary-ptrn-rest-not-final-obj.js	sloppy	function-parameter.rest-not-final
test/language/statements/class/dstr/async-gen-meth-ary-ptrn-rest-not-final-obj.js	strict	function-parameter.rest-not-final
test/language/statements/class/dstr/async-gen-meth-dflt-ary-ptrn-rest-init-ary.js	sloppy	function-parameter.rest-default
test/language/statements/class/dstr/async-gen-meth-dflt-ary-ptrn-rest-init-ary.js	strict	function-parameter.rest-default
test/language/statements/class/dstr/async-gen-meth-dflt-ary-ptrn-rest-init-id.js	sloppy	function-parameter.rest-not-final
test/language/statements/class/dstr/async-gen-meth-dflt-ary-ptrn-rest-init-id.js	strict	function-parameter.rest-not-final
test/language/statements/class/dstr/async-gen-meth-dflt-ary-ptrn-rest-init-obj.js	sloppy	function-parameter.rest-default
test/language/statements/class/dstr/async-gen-meth-dflt-ary-ptrn-rest-init-obj.js	strict	function-parameter.rest-default
test/language/statements/class/dstr/async-gen-meth-dflt-ary-ptrn-rest-not-final-ary.js	sloppy	function-parameter.rest-not-final
test/language/statements/class/dstr/async-gen-meth-dflt-ary-ptrn-rest-not-final-ary.js	strict	function-parameter.rest-not-final
test/language/statements/class/dstr/async-gen-meth-dflt-ary-ptrn-rest-not-final-id.js	sloppy	function-parameter.rest-not-final
test/language/statements/class/dstr/async-gen-meth-dflt-ary-ptrn-rest-not-final-id.js	strict	function-parameter.rest-not-final
test/language/statements/class/dstr/async-gen-meth-dflt-ary-ptrn-rest-not-final-obj.js	sloppy	function-parameter.rest-not-final
test/language/statements/class/dstr/async-gen-meth-dflt-ary-ptrn-rest-not-final-obj.js	strict	function-parameter.rest-not-final
test/language/statements/class/dstr/async-gen-meth-static-ary-ptrn-rest-init-ary.js	sloppy	function-parameter.rest-default
test/language/statements/class/dstr/async-gen-meth-static-ary-ptrn-rest-init-ary.js	strict	function-parameter.rest-default
test/language/statements/class/dstr/async-gen-meth-static-ary-ptrn-rest-init-id.js	sloppy	function-parameter.rest-not-final
test/language/statements/class/dstr/async-gen-meth-static-ary-ptrn-rest-init-id.js	strict	function-parameter.rest-not-final
test/language/statements/class/dstr/async-gen-meth-static-ary-ptrn-rest-init-obj.js	sloppy	function-parameter.rest-default
test/language/statements/class/dstr/async-gen-meth-static-ary-ptrn-rest-init-obj.js	strict	function-parameter.rest-default
test/language/statements/class/dstr/async-gen-meth-static-ary-ptrn-rest-not-final-ary.js	sloppy	function-parameter.rest-not-final
test/language/statements/class/dstr/async-gen-meth-static-ary-ptrn-rest-not-final-ary.js	strict	function-parameter.rest-not-final
test/language/statements/class/dstr/async-gen-meth-static-ary-ptrn-rest-not-final-id.js	sloppy	function-parameter.rest-not-final
test/language/statements/class/dstr/async-gen-meth-static-ary-ptrn-rest-not-final-id.js	strict	function-parameter.rest-not-final
test/language/statements/class/dstr/async-gen-meth-static-ary-ptrn-rest-not-final-obj.js	sloppy	function-parameter.rest-not-final
test/language/statements/class/dstr/async-gen-meth-static-ary-ptrn-rest-not-final-obj.js	strict	function-parameter.rest-not-final
test/language/statements/class/dstr/async-gen-meth-static-dflt-ary-ptrn-rest-init-ary.js	sloppy	function-parameter.rest-default
test/language/statements/class/dstr/async-gen-meth-static-dflt-ary-ptrn-rest-init-ary.js	strict	function-parameter.rest-default
test/language/statements/class/dstr/async-gen-meth-static-dflt-ary-ptrn-rest-init-id.js	sloppy	function-parameter.rest-not-final
test/language/statements/class/dstr/async-gen-meth-static-dflt-ary-ptrn-rest-init-id.js	strict	function-parameter.rest-not-final
test/language/statements/class/dstr/async-gen-meth-static-dflt-ary-ptrn-rest-init-obj.js	sloppy	function-parameter.rest-default
test/language/statements/class/dstr/async-gen-meth-static-dflt-ary-ptrn-rest-init-obj.js	strict	function-parameter.rest-default
test/language/statements/class/dstr/async-gen-meth-static-dflt-ary-ptrn-rest-not-final-ary.js	sloppy	function-parameter.rest-not-final
test/language/statements/class/dstr/async-gen-meth-static-dflt-ary-ptrn-rest-not-final-ary.js	strict	function-parameter.rest-not-final
test/language/statements/class/dstr/async-gen-meth-static-dflt-ary-ptrn-rest-not-final-id.js	sloppy	function-parameter.rest-not-final
test/language/statements/class/dstr/async-gen-meth-static-dflt-ary-ptrn-rest-not-final-id.js	strict	function-parameter.rest-not-final
test/language/statements/class/dstr/async-gen-meth-static-dflt-ary-ptrn-rest-not-final-obj.js	sloppy	function-parameter.rest-not-final
test/language/statements/class/dstr/async-gen-meth-static-dflt-ary-ptrn-rest-not-final-obj.js	strict	function-parameter.rest-not-final
test/language/statements/class/method-static/rest-params-trailing-comma-early-error.js	sloppy	syntax.expecting-close-paren
test/language/statements/class/method-static/rest-params-trailing-comma-early-error.js	strict	syntax.expecting-close-paren
test/language/statements/class/method/rest-params-trailing-comma-early-error.js	sloppy	syntax.expecting-close-paren
test/language/statements/class/method/rest-params-trailing-comma-early-error.js	strict	syntax.expecting-close-paren
test/language/statements/class/syntax/escaped-static.js	sloppy	statement.missing-semicolon
test/language/statements/class/syntax/escaped-static.js	strict	statement.missing-semicolon
test/language/statements/const/syntax/const-declaring-let-split-across-two-lines.js	sloppy	lexical-binding.let-identifier
test/language/statements/const/syntax/const-declaring-let-split-across-two-lines.js	strict	binding.variable-name-expected
test/language/statements/continue/S12.7_A1_T2.js	sloppy	label.break-continue-not-found
test/language/statements/continue/S12.7_A1_T2.js	strict	label.break-continue-not-found
test/language/statements/continue/S12.7_A1_T3.js	sloppy	label.break-continue-not-found
test/language/statements/continue/S12.7_A1_T3.js	strict	label.break-continue-not-found
test/language/statements/continue/S12.7_A5_T1.js	sloppy	label.break-continue-not-found
test/language/statements/continue/S12.7_A5_T1.js	strict	label.break-continue-not-found
test/language/statements/continue/S12.7_A5_T2.js	sloppy	label.break-continue-not-found
test/language/statements/continue/S12.7_A5_T2.js	strict	label.break-continue-not-found
test/language/statements/continue/S12.7_A5_T3.js	sloppy	label.break-continue-not-found
test/language/statements/continue/S12.7_A5_T3.js	strict	label.break-continue-not-found
test/language/statements/continue/S12.7_A6.js	sloppy	label.break-continue-not-found
test/language/statements/continue/S12.7_A6.js	strict	label.break-continue-not-found
test/language/statements/continue/S12.7_A8_T1.js	sloppy	label.break-continue-not-found
test/language/statements/continue/S12.7_A8_T1.js	strict	label.break-continue-not-found
test/language/statements/do-while/S12.6.1_A6_T1.js	sloppy	syntax.expecting-open-paren
test/language/statements/do-while/S12.6.1_A6_T1.js	strict	syntax.expecting-open-paren
test/language/statements/do-while/S12.6.1_A6_T2.js	sloppy	syntax.expecting-open-paren
test/language/statements/do-while/S12.6.1_A6_T2.js	strict	syntax.expecting-open-paren
test/language/statements/do-while/S12.6.1_A6_T3.js	sloppy	syntax.expecting-open-paren
test/language/statements/do-while/S12.6.1_A6_T3.js	strict	syntax.expecting-open-paren
test/language/statements/do-while/S12.6.1_A6_T4.js	sloppy	syntax.expecting-open-paren
test/language/statements/do-while/S12.6.1_A6_T4.js	strict	syntax.expecting-open-paren
test/language/statements/do-while/S12.6.1_A6_T5.js	sloppy	syntax.expecting-open-paren
test/language/statements/do-while/S12.6.1_A6_T5.js	strict	syntax.expecting-open-paren
test/language/statements/do-while/S12.6.1_A6_T6.js	sloppy	syntax.expecting-open-paren
test/language/statements/do-while/S12.6.1_A6_T6.js	strict	syntax.expecting-open-paren
test/language/statements/for-await-of/async-func-decl-dstr-array-elem-target-simple-strict.js	strict	assignment-target.strict-restricted-identifier
test/language/statements/for-await-of/async-func-dstr-const-ary-ptrn-rest-init-ary.js	sloppy	function-parameter.rest-default
test/language/statements/for-await-of/async-func-dstr-const-ary-ptrn-rest-init-ary.js	strict	function-parameter.rest-default
test/language/statements/for-await-of/async-func-dstr-const-ary-ptrn-rest-init-id.js	sloppy	function-parameter.rest-not-final
test/language/statements/for-await-of/async-func-dstr-const-ary-ptrn-rest-init-id.js	strict	function-parameter.rest-not-final
test/language/statements/for-await-of/async-func-dstr-const-ary-ptrn-rest-init-obj.js	sloppy	function-parameter.rest-default
test/language/statements/for-await-of/async-func-dstr-const-ary-ptrn-rest-init-obj.js	strict	function-parameter.rest-default
test/language/statements/for-await-of/async-func-dstr-const-ary-ptrn-rest-not-final-ary.js	sloppy	function-parameter.rest-not-final
test/language/statements/for-await-of/async-func-dstr-const-ary-ptrn-rest-not-final-ary.js	strict	function-parameter.rest-not-final
test/language/statements/for-await-of/async-func-dstr-const-ary-ptrn-rest-not-final-id.js	sloppy	function-parameter.rest-not-final
test/language/statements/for-await-of/async-func-dstr-const-ary-ptrn-rest-not-final-id.js	strict	function-parameter.rest-not-final
test/language/statements/for-await-of/async-func-dstr-const-ary-ptrn-rest-not-final-obj.js	sloppy	function-parameter.rest-not-final
test/language/statements/for-await-of/async-func-dstr-const-ary-ptrn-rest-not-final-obj.js	strict	function-parameter.rest-not-final
test/language/statements/for-await-of/async-func-dstr-const-async-ary-ptrn-rest-init-ary.js	sloppy	function-parameter.rest-default
test/language/statements/for-await-of/async-func-dstr-const-async-ary-ptrn-rest-init-ary.js	strict	function-parameter.rest-default
test/language/statements/for-await-of/async-func-dstr-const-async-ary-ptrn-rest-init-id.js	sloppy	function-parameter.rest-not-final
test/language/statements/for-await-of/async-func-dstr-const-async-ary-ptrn-rest-init-id.js	strict	function-parameter.rest-not-final
test/language/statements/for-await-of/async-func-dstr-const-async-ary-ptrn-rest-init-obj.js	sloppy	function-parameter.rest-default
test/language/statements/for-await-of/async-func-dstr-const-async-ary-ptrn-rest-init-obj.js	strict	function-parameter.rest-default
test/language/statements/for-await-of/async-func-dstr-const-async-ary-ptrn-rest-not-final-ary.js	sloppy	function-parameter.rest-not-final
test/language/statements/for-await-of/async-func-dstr-const-async-ary-ptrn-rest-not-final-ary.js	strict	function-parameter.rest-not-final
test/language/statements/for-await-of/async-func-dstr-const-async-ary-ptrn-rest-not-final-id.js	sloppy	function-parameter.rest-not-final
test/language/statements/for-await-of/async-func-dstr-const-async-ary-ptrn-rest-not-final-id.js	strict	function-parameter.rest-not-final
test/language/statements/for-await-of/async-func-dstr-const-async-ary-ptrn-rest-not-final-obj.js	sloppy	function-parameter.rest-not-final
test/language/statements/for-await-of/async-func-dstr-const-async-ary-ptrn-rest-not-final-obj.js	strict	function-parameter.rest-not-final
test/language/statements/for-await-of/async-func-dstr-let-ary-ptrn-rest-init-ary.js	sloppy	function-parameter.rest-default
test/language/statements/for-await-of/async-func-dstr-let-ary-ptrn-rest-init-ary.js	strict	function-parameter.rest-default
test/language/statements/for-await-of/async-func-dstr-let-ary-ptrn-rest-init-id.js	sloppy	function-parameter.rest-not-final
test/language/statements/for-await-of/async-func-dstr-let-ary-ptrn-rest-init-id.js	strict	function-parameter.rest-not-final
test/language/statements/for-await-of/async-func-dstr-let-ary-ptrn-rest-init-obj.js	sloppy	function-parameter.rest-default
test/language/statements/for-await-of/async-func-dstr-let-ary-ptrn-rest-init-obj.js	strict	function-parameter.rest-default
test/language/statements/for-await-of/async-func-dstr-let-ary-ptrn-rest-not-final-ary.js	sloppy	function-parameter.rest-not-final
test/language/statements/for-await-of/async-func-dstr-let-ary-ptrn-rest-not-final-ary.js	strict	function-parameter.rest-not-final
test/language/statements/for-await-of/async-func-dstr-let-ary-ptrn-rest-not-final-id.js	sloppy	function-parameter.rest-not-final
test/language/statements/for-await-of/async-func-dstr-let-ary-ptrn-rest-not-final-id.js	strict	function-parameter.rest-not-final
test/language/statements/for-await-of/async-func-dstr-let-ary-ptrn-rest-not-final-obj.js	sloppy	function-parameter.rest-not-final
test/language/statements/for-await-of/async-func-dstr-let-ary-ptrn-rest-not-final-obj.js	strict	function-parameter.rest-not-final
test/language/statements/for-await-of/async-func-dstr-let-async-ary-ptrn-rest-init-ary.js	sloppy	function-parameter.rest-default
test/language/statements/for-await-of/async-func-dstr-let-async-ary-ptrn-rest-init-ary.js	strict	function-parameter.rest-default
test/language/statements/for-await-of/async-func-dstr-let-async-ary-ptrn-rest-init-id.js	sloppy	function-parameter.rest-not-final
test/language/statements/for-await-of/async-func-dstr-let-async-ary-ptrn-rest-init-id.js	strict	function-parameter.rest-not-final
test/language/statements/for-await-of/async-func-dstr-let-async-ary-ptrn-rest-init-obj.js	sloppy	function-parameter.rest-default
test/language/statements/for-await-of/async-func-dstr-let-async-ary-ptrn-rest-init-obj.js	strict	function-parameter.rest-default
test/language/statements/for-await-of/async-func-dstr-let-async-ary-ptrn-rest-not-final-ary.js	sloppy	function-parameter.rest-not-final
test/language/statements/for-await-of/async-func-dstr-let-async-ary-ptrn-rest-not-final-ary.js	strict	function-parameter.rest-not-final
test/language/statements/for-await-of/async-func-dstr-let-async-ary-ptrn-rest-not-final-id.js	sloppy	function-parameter.rest-not-final
test/language/statements/for-await-of/async-func-dstr-let-async-ary-ptrn-rest-not-final-id.js	strict	function-parameter.rest-not-final
test/language/statements/for-await-of/async-func-dstr-let-async-ary-ptrn-rest-not-final-obj.js	sloppy	function-parameter.rest-not-final
test/language/statements/for-await-of/async-func-dstr-let-async-ary-ptrn-rest-not-final-obj.js	strict	function-parameter.rest-not-final
test/language/statements/for-await-of/async-func-dstr-var-ary-ptrn-rest-init-ary.js	sloppy	function-parameter.rest-default
test/language/statements/for-await-of/async-func-dstr-var-ary-ptrn-rest-init-ary.js	strict	function-parameter.rest-default
test/language/statements/for-await-of/async-func-dstr-var-ary-ptrn-rest-init-id.js	sloppy	function-parameter.rest-not-final
test/language/statements/for-await-of/async-func-dstr-var-ary-ptrn-rest-init-id.js	strict	function-parameter.rest-not-final
test/language/statements/for-await-of/async-func-dstr-var-ary-ptrn-rest-init-obj.js	sloppy	function-parameter.rest-default
test/language/statements/for-await-of/async-func-dstr-var-ary-ptrn-rest-init-obj.js	strict	function-parameter.rest-default
test/language/statements/for-await-of/async-func-dstr-var-ary-ptrn-rest-not-final-ary.js	sloppy	function-parameter.rest-not-final
test/language/statements/for-await-of/async-func-dstr-var-ary-ptrn-rest-not-final-ary.js	strict	function-parameter.rest-not-final
test/language/statements/for-await-of/async-func-dstr-var-ary-ptrn-rest-not-final-id.js	sloppy	function-parameter.rest-not-final
test/language/statements/for-await-of/async-func-dstr-var-ary-ptrn-rest-not-final-id.js	strict	function-parameter.rest-not-final
test/language/statements/for-await-of/async-func-dstr-var-ary-ptrn-rest-not-final-obj.js	sloppy	function-parameter.rest-not-final
test/language/statements/for-await-of/async-func-dstr-var-ary-ptrn-rest-not-final-obj.js	strict	function-parameter.rest-not-final
test/language/statements/for-await-of/async-func-dstr-var-async-ary-ptrn-rest-init-ary.js	sloppy	function-parameter.rest-default
test/language/statements/for-await-of/async-func-dstr-var-async-ary-ptrn-rest-init-ary.js	strict	function-parameter.rest-default
test/language/statements/for-await-of/async-func-dstr-var-async-ary-ptrn-rest-init-id.js	sloppy	function-parameter.rest-not-final
test/language/statements/for-await-of/async-func-dstr-var-async-ary-ptrn-rest-init-id.js	strict	function-parameter.rest-not-final
test/language/statements/for-await-of/async-func-dstr-var-async-ary-ptrn-rest-init-obj.js	sloppy	function-parameter.rest-default
test/language/statements/for-await-of/async-func-dstr-var-async-ary-ptrn-rest-init-obj.js	strict	function-parameter.rest-default
test/language/statements/for-await-of/async-func-dstr-var-async-ary-ptrn-rest-not-final-ary.js	sloppy	function-parameter.rest-not-final
test/language/statements/for-await-of/async-func-dstr-var-async-ary-ptrn-rest-not-final-ary.js	strict	function-parameter.rest-not-final
test/language/statements/for-await-of/async-func-dstr-var-async-ary-ptrn-rest-not-final-id.js	sloppy	function-parameter.rest-not-final
test/language/statements/for-await-of/async-func-dstr-var-async-ary-ptrn-rest-not-final-id.js	strict	function-parameter.rest-not-final
test/language/statements/for-await-of/async-func-dstr-var-async-ary-ptrn-rest-not-final-obj.js	sloppy	function-parameter.rest-not-final
test/language/statements/for-await-of/async-func-dstr-var-async-ary-ptrn-rest-not-final-obj.js	strict	function-parameter.rest-not-final
test/language/statements/for-await-of/async-gen-dstr-const-ary-ptrn-rest-init-ary.js	sloppy	function-parameter.rest-default
test/language/statements/for-await-of/async-gen-dstr-const-ary-ptrn-rest-init-ary.js	strict	function-parameter.rest-default
test/language/statements/for-await-of/async-gen-dstr-const-ary-ptrn-rest-init-id.js	sloppy	function-parameter.rest-not-final
test/language/statements/for-await-of/async-gen-dstr-const-ary-ptrn-rest-init-id.js	strict	function-parameter.rest-not-final
test/language/statements/for-await-of/async-gen-dstr-const-ary-ptrn-rest-init-obj.js	sloppy	function-parameter.rest-default
test/language/statements/for-await-of/async-gen-dstr-const-ary-ptrn-rest-init-obj.js	strict	function-parameter.rest-default
test/language/statements/for-await-of/async-gen-dstr-const-ary-ptrn-rest-not-final-ary.js	sloppy	function-parameter.rest-not-final
test/language/statements/for-await-of/async-gen-dstr-const-ary-ptrn-rest-not-final-ary.js	strict	function-parameter.rest-not-final
test/language/statements/for-await-of/async-gen-dstr-const-ary-ptrn-rest-not-final-id.js	sloppy	function-parameter.rest-not-final
test/language/statements/for-await-of/async-gen-dstr-const-ary-ptrn-rest-not-final-id.js	strict	function-parameter.rest-not-final
test/language/statements/for-await-of/async-gen-dstr-const-ary-ptrn-rest-not-final-obj.js	sloppy	function-parameter.rest-not-final
test/language/statements/for-await-of/async-gen-dstr-const-ary-ptrn-rest-not-final-obj.js	strict	function-parameter.rest-not-final
test/language/statements/for-await-of/async-gen-dstr-const-async-ary-ptrn-rest-init-ary.js	sloppy	function-parameter.rest-default
test/language/statements/for-await-of/async-gen-dstr-const-async-ary-ptrn-rest-init-ary.js	strict	function-parameter.rest-default
test/language/statements/for-await-of/async-gen-dstr-const-async-ary-ptrn-rest-init-id.js	sloppy	function-parameter.rest-not-final
test/language/statements/for-await-of/async-gen-dstr-const-async-ary-ptrn-rest-init-id.js	strict	function-parameter.rest-not-final
test/language/statements/for-await-of/async-gen-dstr-const-async-ary-ptrn-rest-init-obj.js	sloppy	function-parameter.rest-default
test/language/statements/for-await-of/async-gen-dstr-const-async-ary-ptrn-rest-init-obj.js	strict	function-parameter.rest-default
test/language/statements/for-await-of/async-gen-dstr-const-async-ary-ptrn-rest-not-final-ary.js	sloppy	function-parameter.rest-not-final
test/language/statements/for-await-of/async-gen-dstr-const-async-ary-ptrn-rest-not-final-ary.js	strict	function-parameter.rest-not-final
test/language/statements/for-await-of/async-gen-dstr-const-async-ary-ptrn-rest-not-final-id.js	sloppy	function-parameter.rest-not-final
test/language/statements/for-await-of/async-gen-dstr-const-async-ary-ptrn-rest-not-final-id.js	strict	function-parameter.rest-not-final
test/language/statements/for-await-of/async-gen-dstr-const-async-ary-ptrn-rest-not-final-obj.js	sloppy	function-parameter.rest-not-final
test/language/statements/for-await-of/async-gen-dstr-const-async-ary-ptrn-rest-not-final-obj.js	strict	function-parameter.rest-not-final
test/language/statements/for-await-of/async-gen-dstr-let-ary-ptrn-rest-init-ary.js	sloppy	function-parameter.rest-default
test/language/statements/for-await-of/async-gen-dstr-let-ary-ptrn-rest-init-ary.js	strict	function-parameter.rest-default
test/language/statements/for-await-of/async-gen-dstr-let-ary-ptrn-rest-init-id.js	sloppy	function-parameter.rest-not-final
test/language/statements/for-await-of/async-gen-dstr-let-ary-ptrn-rest-init-id.js	strict	function-parameter.rest-not-final
test/language/statements/for-await-of/async-gen-dstr-let-ary-ptrn-rest-init-obj.js	sloppy	function-parameter.rest-default
test/language/statements/for-await-of/async-gen-dstr-let-ary-ptrn-rest-init-obj.js	strict	function-parameter.rest-default
test/language/statements/for-await-of/async-gen-dstr-let-ary-ptrn-rest-not-final-ary.js	sloppy	function-parameter.rest-not-final
test/language/statements/for-await-of/async-gen-dstr-let-ary-ptrn-rest-not-final-ary.js	strict	function-parameter.rest-not-final
test/language/statements/for-await-of/async-gen-dstr-let-ary-ptrn-rest-not-final-id.js	sloppy	function-parameter.rest-not-final
test/language/statements/for-await-of/async-gen-dstr-let-ary-ptrn-rest-not-final-id.js	strict	function-parameter.rest-not-final
test/language/statements/for-await-of/async-gen-dstr-let-ary-ptrn-rest-not-final-obj.js	sloppy	function-parameter.rest-not-final
test/language/statements/for-await-of/async-gen-dstr-let-ary-ptrn-rest-not-final-obj.js	strict	function-parameter.rest-not-final
test/language/statements/for-await-of/async-gen-dstr-let-async-ary-ptrn-rest-init-ary.js	sloppy	function-parameter.rest-default
test/language/statements/for-await-of/async-gen-dstr-let-async-ary-ptrn-rest-init-ary.js	strict	function-parameter.rest-default
test/language/statements/for-await-of/async-gen-dstr-let-async-ary-ptrn-rest-init-id.js	sloppy	function-parameter.rest-not-final
test/language/statements/for-await-of/async-gen-dstr-let-async-ary-ptrn-rest-init-id.js	strict	function-parameter.rest-not-final
test/language/statements/for-await-of/async-gen-dstr-let-async-ary-ptrn-rest-init-obj.js	sloppy	function-parameter.rest-default
test/language/statements/for-await-of/async-gen-dstr-let-async-ary-ptrn-rest-init-obj.js	strict	function-parameter.rest-default
test/language/statements/for-await-of/async-gen-dstr-let-async-ary-ptrn-rest-not-final-ary.js	sloppy	function-parameter.rest-not-final
test/language/statements/for-await-of/async-gen-dstr-let-async-ary-ptrn-rest-not-final-ary.js	strict	function-parameter.rest-not-final
test/language/statements/for-await-of/async-gen-dstr-let-async-ary-ptrn-rest-not-final-id.js	sloppy	function-parameter.rest-not-final
test/language/statements/for-await-of/async-gen-dstr-let-async-ary-ptrn-rest-not-final-id.js	strict	function-parameter.rest-not-final
test/language/statements/for-await-of/async-gen-dstr-let-async-ary-ptrn-rest-not-final-obj.js	sloppy	function-parameter.rest-not-final
test/language/statements/for-await-of/async-gen-dstr-let-async-ary-ptrn-rest-not-final-obj.js	strict	function-parameter.rest-not-final
test/language/statements/for-await-of/async-gen-dstr-var-ary-ptrn-rest-init-ary.js	sloppy	function-parameter.rest-default
test/language/statements/for-await-of/async-gen-dstr-var-ary-ptrn-rest-init-ary.js	strict	function-parameter.rest-default
test/language/statements/for-await-of/async-gen-dstr-var-ary-ptrn-rest-init-id.js	sloppy	function-parameter.rest-not-final
test/language/statements/for-await-of/async-gen-dstr-var-ary-ptrn-rest-init-id.js	strict	function-parameter.rest-not-final
test/language/statements/for-await-of/async-gen-dstr-var-ary-ptrn-rest-init-obj.js	sloppy	function-parameter.rest-default
test/language/statements/for-await-of/async-gen-dstr-var-ary-ptrn-rest-init-obj.js	strict	function-parameter.rest-default
test/language/statements/for-await-of/async-gen-dstr-var-ary-ptrn-rest-not-final-ary.js	sloppy	function-parameter.rest-not-final
test/language/statements/for-await-of/async-gen-dstr-var-ary-ptrn-rest-not-final-ary.js	strict	function-parameter.rest-not-final
test/language/statements/for-await-of/async-gen-dstr-var-ary-ptrn-rest-not-final-id.js	sloppy	function-parameter.rest-not-final
test/language/statements/for-await-of/async-gen-dstr-var-ary-ptrn-rest-not-final-id.js	strict	function-parameter.rest-not-final
test/language/statements/for-await-of/async-gen-dstr-var-ary-ptrn-rest-not-final-obj.js	sloppy	function-parameter.rest-not-final
test/language/statements/for-await-of/async-gen-dstr-var-ary-ptrn-rest-not-final-obj.js	strict	function-parameter.rest-not-final
test/language/statements/for-await-of/async-gen-dstr-var-async-ary-ptrn-rest-init-ary.js	sloppy	function-parameter.rest-default
test/language/statements/for-await-of/async-gen-dstr-var-async-ary-ptrn-rest-init-ary.js	strict	function-parameter.rest-default
test/language/statements/for-await-of/async-gen-dstr-var-async-ary-ptrn-rest-init-id.js	sloppy	function-parameter.rest-not-final
test/language/statements/for-await-of/async-gen-dstr-var-async-ary-ptrn-rest-init-id.js	strict	function-parameter.rest-not-final
test/language/statements/for-await-of/async-gen-dstr-var-async-ary-ptrn-rest-init-obj.js	sloppy	function-parameter.rest-default
test/language/statements/for-await-of/async-gen-dstr-var-async-ary-ptrn-rest-init-obj.js	strict	function-parameter.rest-default
test/language/statements/for-await-of/async-gen-dstr-var-async-ary-ptrn-rest-not-final-ary.js	sloppy	function-parameter.rest-not-final
test/language/statements/for-await-of/async-gen-dstr-var-async-ary-ptrn-rest-not-final-ary.js	strict	function-parameter.rest-not-final
test/language/statements/for-await-of/async-gen-dstr-var-async-ary-ptrn-rest-not-final-id.js	sloppy	function-parameter.rest-not-final
test/language/statements/for-await-of/async-gen-dstr-var-async-ary-ptrn-rest-not-final-id.js	strict	function-parameter.rest-not-final
test/language/statements/for-await-of/async-gen-dstr-var-async-ary-ptrn-rest-not-final-obj.js	sloppy	function-parameter.rest-not-final
test/language/statements/for-await-of/async-gen-dstr-var-async-ary-ptrn-rest-not-final-obj.js	strict	function-parameter.rest-not-final
test/language/statements/for-in/head-const-bound-names-dup.js	sloppy	lexical-binding.duplicate-declaration
test/language/statements/for-in/head-const-bound-names-dup.js	strict	lexical-binding.duplicate-declaration
test/language/statements/for-in/head-const-bound-names-in-stmt.js	sloppy	lexical-binding.duplicate-declaration
test/language/statements/for-in/head-const-bound-names-in-stmt.js	strict	lexical-binding.duplicate-declaration
test/language/statements/for-in/head-let-bound-names-dup.js	sloppy	lexical-binding.duplicate-declaration
test/language/statements/for-in/head-let-bound-names-dup.js	strict	lexical-binding.duplicate-declaration
test/language/statements/for-in/head-let-bound-names-in-stmt.js	sloppy	lexical-binding.duplicate-declaration
test/language/statements/for-in/head-let-bound-names-in-stmt.js	strict	lexical-binding.duplicate-declaration
test/language/statements/for-of/head-const-bound-names-dup.js	sloppy	lexical-binding.duplicate-declaration
test/language/statements/for-of/head-const-bound-names-dup.js	strict	lexical-binding.duplicate-declaration
test/language/statements/for-of/head-const-bound-names-in-stmt.js	sloppy	lexical-binding.duplicate-declaration
test/language/statements/for-of/head-const-bound-names-in-stmt.js	strict	lexical-binding.duplicate-declaration
test/language/statements/for-of/head-decl-no-expr.js	sloppy	syntax.expecting-close-paren
test/language/statements/for-of/head-decl-no-expr.js	strict	syntax.expecting-close-paren
test/language/statements/for-of/head-expr-no-expr.js	sloppy	syntax.expecting-close-paren
test/language/statements/for-of/head-expr-no-expr.js	strict	syntax.expecting-close-paren
test/language/statements/for-of/head-let-bound-names-dup.js	sloppy	lexical-binding.duplicate-declaration
test/language/statements/for-of/head-let-bound-names-dup.js	strict	lexical-binding.duplicate-declaration
test/language/statements/for-of/head-let-bound-names-in-stmt.js	sloppy	lexical-binding.duplicate-declaration
test/language/statements/for-of/head-let-bound-names-in-stmt.js	strict	lexical-binding.duplicate-declaration
test/language/statements/for-of/head-var-no-expr.js	sloppy	syntax.expecting-close-paren
test/language/statements/for-of/head-var-no-expr.js	strict	syntax.expecting-close-paren
test/language/statements/for/S12.6.3_A11.1_T3.js	sloppy	label.break-continue-not-found
test/language/statements/for/S12.6.3_A11.1_T3.js	strict	label.break-continue-not-found
test/language/statements/for/S12.6.3_A11_T3.js	sloppy	label.break-continue-not-found
test/language/statements/for/S12.6.3_A11_T3.js	strict	label.break-continue-not-found
test/language/statements/for/S12.6.3_A12.1_T3.js	sloppy	label.break-continue-not-found
test/language/statements/for/S12.6.3_A12.1_T3.js	strict	label.break-continue-not-found
test/language/statements/for/S12.6.3_A12_T3.js	sloppy	label.break-continue-not-found
test/language/statements/for/S12.6.3_A12_T3.js	strict	label.break-continue-not-found
test/language/statements/for/S12.6.3_A4.1.js	sloppy	statement.missing-semicolon
test/language/statements/for/S12.6.3_A4.1.js	strict	statement.missing-semicolon
test/language/statements/for/S12.6.3_A4_T1.js	sloppy	statement.missing-semicolon
test/language/statements/for/S12.6.3_A4_T1.js	strict	statement.missing-semicolon
test/language/statements/for/S12.6.3_A4_T2.js	sloppy	statement.missing-semicolon
test/language/statements/for/S12.6.3_A4_T2.js	strict	statement.missing-semicolon
test/language/statements/for/S12.6.3_A7.1_T1.js	sloppy	syntax.expecting-close-paren
test/language/statements/for/S12.6.3_A7.1_T1.js	strict	syntax.expecting-close-paren
test/language/statements/for/S12.6.3_A7.1_T2.js	sloppy	syntax.expecting-close-paren
test/language/statements/for/S12.6.3_A7.1_T2.js	strict	syntax.expecting-close-paren
test/language/statements/for/S12.6.3_A7_T1.js	sloppy	syntax.expecting-close-paren
test/language/statements/for/S12.6.3_A7_T1.js	strict	syntax.expecting-close-paren
test/language/statements/for/head-const-bound-names-in-stmt.js	sloppy	lexical-binding.duplicate-declaration
test/language/statements/for/head-const-bound-names-in-stmt.js	strict	lexical-binding.duplicate-declaration
test/language/statements/for/head-let-bound-names-in-stmt.js	sloppy	lexical-binding.duplicate-declaration
test/language/statements/for/head-let-bound-names-in-stmt.js	strict	lexical-binding.duplicate-declaration
test/language/statements/function/13.0_4-5gs.js	strict	assignment-target.strict-restricted-identifier
test/language/statements/function/early-body-super-call.js	sloppy	super-call.derived-constructor-only
test/language/statements/function/early-body-super-call.js	strict	super-call.derived-constructor-only
test/language/statements/function/early-params-super-call.js	sloppy	super-call.derived-constructor-only
test/language/statements/function/early-params-super-call.js	strict	super-call.derived-constructor-only
test/language/statements/function/enable-strict-via-outer-script.js	strict	assignment-target.strict-restricted-identifier
test/language/statements/function/invalid-2-names.js	sloppy	syntax.expecting-open-paren
test/language/statements/function/invalid-2-names.js	strict	syntax.expecting-open-paren
test/language/statements/function/invalid-3-names.js	sloppy	syntax.expecting-open-paren
test/language/statements/function/invalid-3-names.js	strict	syntax.expecting-open-paren
test/language/statements/function/invalid-function-body-1.js	sloppy	regexp.line-terminator
test/language/statements/function/invalid-function-body-1.js	strict	regexp.line-terminator
test/language/statements/function/invalid-name-dot.js	sloppy	syntax.expecting-open-paren
test/language/statements/function/invalid-name-dot.js	strict	syntax.expecting-open-paren
test/language/statements/function/invalid-name-two-dots.js	sloppy	syntax.expecting-open-paren
test/language/statements/function/invalid-name-two-dots.js	strict	syntax.expecting-open-paren
test/language/statements/function/rest-params-trailing-comma-early-error.js	sloppy	syntax.expecting-close-paren
test/language/statements/function/rest-params-trailing-comma-early-error.js	strict	syntax.expecting-close-paren
test/language/statements/if/S12.5_A6_T1.js	sloppy	syntax.expecting-open-paren
test/language/statements/if/S12.5_A6_T1.js	strict	syntax.expecting-open-paren
test/language/statements/if/S12.5_A6_T2.js	sloppy	syntax.expecting-open-paren
test/language/statements/if/S12.5_A6_T2.js	strict	syntax.expecting-open-paren
test/language/statements/labeled/value-yield-strict-escaped.js	strict	generator.yield-reserved-identifier
test/language/statements/let/syntax/identifier-let-allowed-as-lefthandside-expression-strict.js	strict	binding.variable-name-expected
test/language/statements/let/syntax/let-let-declaration-split-across-two-lines.js	sloppy	lexical-binding.let-identifier
test/language/statements/let/syntax/let-let-declaration-split-across-two-lines.js	strict	binding.variable-name-expected
test/language/statements/let/syntax/let-let-declaration-with-initializer-split-across-two-lines.js	sloppy	lexical-binding.let-identifier
test/language/statements/let/syntax/let-let-declaration-with-initializer-split-across-two-lines.js	strict	binding.variable-name-expected
test/language/statements/let/syntax/let-newline-await-in-normal-function.js	sloppy	statement.missing-semicolon
test/language/statements/let/syntax/let-newline-await-in-normal-function.js	strict	statement.missing-semicolon
test/language/statements/let/syntax/let-newline-yield-in-normal-function.js	sloppy	statement.missing-semicolon
test/language/statements/let/syntax/let-newline-yield-in-normal-function.js	strict	binding.variable-name-expected
test/language/statements/switch/S12.11_A3_T2.js	sloppy	syntax.expecting-open-paren
test/language/statements/switch/S12.11_A3_T2.js	strict	syntax.expecting-open-paren
test/language/statements/switch/syntax/redeclaration/async-function-name-redeclaration-attempt-with-async-function.js	sloppy	lexical-binding.duplicate-declaration
test/language/statements/switch/syntax/redeclaration/async-function-name-redeclaration-attempt-with-async-function.js	strict	lexical-binding.duplicate-declaration
test/language/statements/switch/syntax/redeclaration/async-function-name-redeclaration-attempt-with-async-generator.js	sloppy	lexical-binding.duplicate-declaration
test/language/statements/switch/syntax/redeclaration/async-function-name-redeclaration-attempt-with-async-generator.js	strict	lexical-binding.duplicate-declaration
test/language/statements/switch/syntax/redeclaration/async-function-name-redeclaration-attempt-with-const.js	sloppy	lexical-binding.duplicate-declaration
test/language/statements/switch/syntax/redeclaration/async-function-name-redeclaration-attempt-with-const.js	strict	lexical-binding.duplicate-declaration
test/language/statements/switch/syntax/redeclaration/async-function-name-redeclaration-attempt-with-function.js	sloppy	lexical-binding.duplicate-declaration
test/language/statements/switch/syntax/redeclaration/async-function-name-redeclaration-attempt-with-function.js	strict	lexical-binding.duplicate-declaration
test/language/statements/switch/syntax/redeclaration/async-function-name-redeclaration-attempt-with-generator.js	sloppy	lexical-binding.duplicate-declaration
test/language/statements/switch/syntax/redeclaration/async-function-name-redeclaration-attempt-with-generator.js	strict	lexical-binding.duplicate-declaration
test/language/statements/switch/syntax/redeclaration/async-function-name-redeclaration-attempt-with-let.js	sloppy	lexical-binding.duplicate-declaration
test/language/statements/switch/syntax/redeclaration/async-function-name-redeclaration-attempt-with-let.js	strict	lexical-binding.duplicate-declaration
test/language/statements/switch/syntax/redeclaration/async-function-name-redeclaration-attempt-with-var.js	sloppy	lexical-binding.duplicate-declaration
test/language/statements/switch/syntax/redeclaration/async-function-name-redeclaration-attempt-with-var.js	strict	lexical-binding.duplicate-declaration
test/language/statements/switch/syntax/redeclaration/async-generator-name-redeclaration-attempt-with-async-function.js	sloppy	lexical-binding.duplicate-declaration
test/language/statements/switch/syntax/redeclaration/async-generator-name-redeclaration-attempt-with-async-function.js	strict	lexical-binding.duplicate-declaration
test/language/statements/switch/syntax/redeclaration/async-generator-name-redeclaration-attempt-with-async-generator.js	sloppy	lexical-binding.duplicate-declaration
test/language/statements/switch/syntax/redeclaration/async-generator-name-redeclaration-attempt-with-async-generator.js	strict	lexical-binding.duplicate-declaration
test/language/statements/switch/syntax/redeclaration/async-generator-name-redeclaration-attempt-with-const.js	sloppy	lexical-binding.duplicate-declaration
test/language/statements/switch/syntax/redeclaration/async-generator-name-redeclaration-attempt-with-const.js	strict	lexical-binding.duplicate-declaration
test/language/statements/switch/syntax/redeclaration/async-generator-name-redeclaration-attempt-with-function.js	sloppy	lexical-binding.duplicate-declaration
test/language/statements/switch/syntax/redeclaration/async-generator-name-redeclaration-attempt-with-function.js	strict	lexical-binding.duplicate-declaration
test/language/statements/switch/syntax/redeclaration/async-generator-name-redeclaration-attempt-with-generator.js	sloppy	lexical-binding.duplicate-declaration
test/language/statements/switch/syntax/redeclaration/async-generator-name-redeclaration-attempt-with-generator.js	strict	lexical-binding.duplicate-declaration
test/language/statements/switch/syntax/redeclaration/async-generator-name-redeclaration-attempt-with-let.js	sloppy	lexical-binding.duplicate-declaration
test/language/statements/switch/syntax/redeclaration/async-generator-name-redeclaration-attempt-with-let.js	strict	lexical-binding.duplicate-declaration
test/language/statements/switch/syntax/redeclaration/async-generator-name-redeclaration-attempt-with-var.js	sloppy	lexical-binding.duplicate-declaration
test/language/statements/switch/syntax/redeclaration/async-generator-name-redeclaration-attempt-with-var.js	strict	lexical-binding.duplicate-declaration
test/language/statements/switch/syntax/redeclaration/class-name-redeclaration-attempt-with-async-function.js	sloppy	lexical-binding.duplicate-declaration
test/language/statements/switch/syntax/redeclaration/class-name-redeclaration-attempt-with-async-function.js	strict	lexical-binding.duplicate-declaration
test/language/statements/switch/syntax/redeclaration/class-name-redeclaration-attempt-with-async-generator.js	sloppy	lexical-binding.duplicate-declaration
test/language/statements/switch/syntax/redeclaration/class-name-redeclaration-attempt-with-async-generator.js	strict	lexical-binding.duplicate-declaration
test/language/statements/switch/syntax/redeclaration/class-name-redeclaration-attempt-with-const.js	sloppy	lexical-binding.duplicate-declaration
test/language/statements/switch/syntax/redeclaration/class-name-redeclaration-attempt-with-const.js	strict	lexical-binding.duplicate-declaration
test/language/statements/switch/syntax/redeclaration/class-name-redeclaration-attempt-with-function.js	sloppy	lexical-binding.duplicate-declaration
test/language/statements/switch/syntax/redeclaration/class-name-redeclaration-attempt-with-function.js	strict	lexical-binding.duplicate-declaration
test/language/statements/switch/syntax/redeclaration/class-name-redeclaration-attempt-with-let.js	sloppy	lexical-binding.duplicate-declaration
test/language/statements/switch/syntax/redeclaration/class-name-redeclaration-attempt-with-let.js	strict	lexical-binding.duplicate-declaration
test/language/statements/switch/syntax/redeclaration/class-name-redeclaration-attempt-with-var.js	sloppy	lexical-binding.duplicate-declaration
test/language/statements/switch/syntax/redeclaration/class-name-redeclaration-attempt-with-var.js	strict	lexical-binding.duplicate-declaration
test/language/statements/switch/syntax/redeclaration/const-name-redeclaration-attempt-with-async-function.js	sloppy	lexical-binding.duplicate-declaration
test/language/statements/switch/syntax/redeclaration/const-name-redeclaration-attempt-with-async-function.js	strict	lexical-binding.duplicate-declaration
test/language/statements/switch/syntax/redeclaration/const-name-redeclaration-attempt-with-async-generator.js	sloppy	lexical-binding.duplicate-declaration
test/language/statements/switch/syntax/redeclaration/const-name-redeclaration-attempt-with-async-generator.js	strict	lexical-binding.duplicate-declaration
test/language/statements/switch/syntax/redeclaration/const-name-redeclaration-attempt-with-const.js	sloppy	lexical-binding.duplicate-declaration
test/language/statements/switch/syntax/redeclaration/const-name-redeclaration-attempt-with-const.js	strict	lexical-binding.duplicate-declaration
test/language/statements/switch/syntax/redeclaration/const-name-redeclaration-attempt-with-function.js	sloppy	lexical-binding.duplicate-declaration
test/language/statements/switch/syntax/redeclaration/const-name-redeclaration-attempt-with-function.js	strict	lexical-binding.duplicate-declaration
test/language/statements/switch/syntax/redeclaration/const-name-redeclaration-attempt-with-let.js	sloppy	lexical-binding.duplicate-declaration
test/language/statements/switch/syntax/redeclaration/const-name-redeclaration-attempt-with-let.js	strict	lexical-binding.duplicate-declaration
test/language/statements/switch/syntax/redeclaration/const-name-redeclaration-attempt-with-var.js	sloppy	lexical-binding.duplicate-declaration
test/language/statements/switch/syntax/redeclaration/const-name-redeclaration-attempt-with-var.js	strict	lexical-binding.duplicate-declaration
test/language/statements/switch/syntax/redeclaration/function-name-redeclaration-attempt-with-async-function.js	sloppy	lexical-binding.duplicate-declaration
test/language/statements/switch/syntax/redeclaration/function-name-redeclaration-attempt-with-async-function.js	strict	lexical-binding.duplicate-declaration
test/language/statements/switch/syntax/redeclaration/function-name-redeclaration-attempt-with-async-generator.js	sloppy	lexical-binding.duplicate-declaration
test/language/statements/switch/syntax/redeclaration/function-name-redeclaration-attempt-with-async-generator.js	strict	lexical-binding.duplicate-declaration
test/language/statements/switch/syntax/redeclaration/function-name-redeclaration-attempt-with-const.js	sloppy	lexical-binding.duplicate-declaration
test/language/statements/switch/syntax/redeclaration/function-name-redeclaration-attempt-with-const.js	strict	lexical-binding.duplicate-declaration
test/language/statements/switch/syntax/redeclaration/function-name-redeclaration-attempt-with-function.js	strict	lexical-binding.duplicate-declaration
test/language/statements/switch/syntax/redeclaration/function-name-redeclaration-attempt-with-let.js	sloppy	lexical-binding.duplicate-declaration
test/language/statements/switch/syntax/redeclaration/function-name-redeclaration-attempt-with-let.js	strict	lexical-binding.duplicate-declaration
test/language/statements/switch/syntax/redeclaration/function-name-redeclaration-attempt-with-var.js	sloppy	lexical-binding.duplicate-declaration
test/language/statements/switch/syntax/redeclaration/function-name-redeclaration-attempt-with-var.js	strict	lexical-binding.duplicate-declaration
test/language/statements/switch/syntax/redeclaration/generator-name-redeclaration-attempt-with-async-function.js	sloppy	lexical-binding.duplicate-declaration
test/language/statements/switch/syntax/redeclaration/generator-name-redeclaration-attempt-with-async-function.js	strict	lexical-binding.duplicate-declaration
test/language/statements/switch/syntax/redeclaration/generator-name-redeclaration-attempt-with-async-generator.js	sloppy	lexical-binding.duplicate-declaration
test/language/statements/switch/syntax/redeclaration/generator-name-redeclaration-attempt-with-async-generator.js	strict	lexical-binding.duplicate-declaration
test/language/statements/switch/syntax/redeclaration/let-name-redeclaration-attempt-with-async-function.js	sloppy	lexical-binding.duplicate-declaration
test/language/statements/switch/syntax/redeclaration/let-name-redeclaration-attempt-with-async-function.js	strict	lexical-binding.duplicate-declaration
test/language/statements/switch/syntax/redeclaration/let-name-redeclaration-attempt-with-async-generator.js	sloppy	lexical-binding.duplicate-declaration
test/language/statements/switch/syntax/redeclaration/let-name-redeclaration-attempt-with-async-generator.js	strict	lexical-binding.duplicate-declaration
test/language/statements/switch/syntax/redeclaration/let-name-redeclaration-attempt-with-const.js	sloppy	lexical-binding.duplicate-declaration
test/language/statements/switch/syntax/redeclaration/let-name-redeclaration-attempt-with-const.js	strict	lexical-binding.duplicate-declaration
test/language/statements/switch/syntax/redeclaration/let-name-redeclaration-attempt-with-function.js	sloppy	lexical-binding.duplicate-declaration
test/language/statements/switch/syntax/redeclaration/let-name-redeclaration-attempt-with-function.js	strict	lexical-binding.duplicate-declaration
test/language/statements/switch/syntax/redeclaration/let-name-redeclaration-attempt-with-let.js	sloppy	lexical-binding.duplicate-declaration
test/language/statements/switch/syntax/redeclaration/let-name-redeclaration-attempt-with-let.js	strict	lexical-binding.duplicate-declaration
test/language/statements/switch/syntax/redeclaration/let-name-redeclaration-attempt-with-var.js	sloppy	lexical-binding.duplicate-declaration
test/language/statements/switch/syntax/redeclaration/let-name-redeclaration-attempt-with-var.js	strict	lexical-binding.duplicate-declaration
test/language/statements/try/early-catch-duplicates.js	sloppy	lexical-binding.duplicate-declaration
test/language/statements/try/early-catch-duplicates.js	strict	lexical-binding.duplicate-declaration
test/language/statements/try/early-catch-function.js	sloppy	lexical-binding.duplicate-declaration
test/language/statements/try/early-catch-function.js	strict	lexical-binding.duplicate-declaration
test/language/statements/variable/S12.2_A8_T1.js	sloppy	statement.missing-semicolon
test/language/statements/variable/S12.2_A8_T1.js	strict	statement.missing-semicolon
test/language/statements/variable/S12.2_A8_T3.js	sloppy	statement.missing-semicolon
test/language/statements/variable/S12.2_A8_T3.js	strict	statement.missing-semicolon
test/language/statements/variable/S12.2_A8_T4.js	sloppy	statement.missing-semicolon
test/language/statements/variable/S12.2_A8_T4.js	strict	statement.missing-semicolon
test/language/statements/variable/S12.2_A8_T5.js	sloppy	binding.variable-name-expected
test/language/statements/variable/S12.2_A8_T5.js	strict	binding.variable-name-expected
test/language/statements/variable/S12.2_A8_T6.js	sloppy	statement.missing-semicolon
test/language/statements/variable/S12.2_A8_T6.js	strict	statement.missing-semicolon
test/language/statements/variable/S12.2_A8_T8.js	sloppy	statement.missing-semicolon
test/language/statements/variable/S12.2_A8_T8.js	strict	statement.missing-semicolon
test/language/statements/while/S12.6.2_A6_T1.js	sloppy	syntax.expecting-open-paren
test/language/statements/while/S12.6.2_A6_T1.js	strict	syntax.expecting-open-paren
test/language/statements/while/S12.6.2_A6_T2.js	sloppy	syntax.expecting-open-paren
test/language/statements/while/S12.6.2_A6_T2.js	strict	syntax.expecting-open-paren
test/language/statements/while/S12.6.2_A6_T3.js	sloppy	syntax.expecting-open-paren
test/language/statements/while/S12.6.2_A6_T3.js	strict	syntax.expecting-open-paren
test/language/statements/while/S12.6.2_A6_T4.js	sloppy	syntax.expecting-open-paren
test/language/statements/while/S12.6.2_A6_T4.js	strict	syntax.expecting-open-paren
test/language/statements/while/S12.6.2_A6_T5.js	sloppy	syntax.expecting-open-paren
test/language/statements/while/S12.6.2_A6_T5.js	strict	syntax.expecting-open-paren
test/language/statements/while/S12.6.2_A6_T6.js	sloppy	syntax.expecting-open-paren
test/language/statements/while/S12.6.2_A6_T6.js	strict	syntax.expecting-open-paren
test/language/types/boolean/S8.3_A2.1.js	sloppy	assignment-target.non-simple
test/language/types/boolean/S8.3_A2.1.js	strict	assignment-target.non-simple
test/language/types/boolean/S8.3_A2.2.js	sloppy	assignment-target.non-simple
test/language/types/boolean/S8.3_A2.2.js	strict	assignment-target.non-simple
test/language/types/null/S8.2_A2.js	sloppy	binding.variable-name-expected
test/language/types/null/S8.2_A2.js	strict	binding.variable-name-expected
test/language/types/reference/S8.7.2_A1_T1.js	sloppy	assignment-target.non-simple
test/language/types/reference/S8.7.2_A1_T1.js	strict	assignment-target.non-simple
test/language/types/reference/S8.7.2_A1_T2.js	sloppy	assignment-target.non-simple
test/language/types/reference/S8.7.2_A1_T2.js	strict	assignment-target.non-simple
test/language/types/string/S8.4_A13_T3.js	sloppy	statement.missing-semicolon
test/language/types/string/S8.4_A13_T3.js	strict	statement.missing-semicolon
test/language/types/string/S8.4_A14_T3.js	sloppy	statement.missing-semicolon
test/language/types/string/S8.4_A14_T3.js	strict	statement.missing-semicolon
